_id,MES_REFERENCIA,SUBMERCADO,PERIODO_COMERCIALIZACAO,DIA,HORA,PLD_HORA,DATA_COMPLETA,TIMESTAMP
97,202602,NORDESTE,97,5,0,543.01,2026-02-05,2026-02-05 00:00:00
98,202602,NORTE,97,5,0,543.0,2026-02-05,2026-02-05 00:00:00
99,202602,SUDESTE,97,5,0,543.0,2026-02-05,2026-02-05 00:00:00
100,202602,SUL,97,5,0,543.0,2026-02-05,2026-02-05 00:00:00
101,202602,NORDESTE,98,5,1,415.57,2026-02-05,2026-02-05 01:00:00
102,202602,NORTE,98,5,1,415.56,2026-02-05,2026-02-05 01:00:00
103,202602,SUDESTE,98,5,1,415.56,2026-02-05,2026-02-05 01:00:00
104,202602,SUL,98,5,1,415.56,2026-02-05,2026-02-05 01:00:00
105,202602,NORDESTE,99,5,2,400.13,2026-02-05,2026-02-05 02:00:00
106,202602,NORTE,99,5,2,400.12,2026-02-05,2026-02-05 02:00:00
107,202602,SUDESTE,99,5,2,400.13,2026-02-05,2026-02-05 02:00:00
108,202602,SUL,99,5,2,400.12,2026-02-05,2026-02-05 02:00:00
109,202602,NORDESTE,100,5,3,395.82,2026-02-05,2026-02-05 03:00:00
110,202602,NORTE,100,5,3,395.81,2026-02-05,2026-02-05 03:00:00
111,202602,SUDESTE,100,5,3,395.81,2026-02-05,2026-02-05 03:00:00
112,202602,SUL,100,5,3,395.81,2026-02-05,2026-02-05 03:00:00
113,202602,NORDESTE,101,5,4,398.72,2026-02-05,2026-02-05 04:00:00
114,202602,NORTE,101,5,4,398.71,2026-02-05,2026-02-05 04:00:00
115,202602,SUDESTE,101,5,4,398.72,2026-02-05,2026-02-05 04:00:00
116,202602,SUL,101,5,4,398.71,2026-02-05,2026-02-05 04:00:00
117,202602,NORDESTE,102,5,5,406.66,2026-02-05,2026-02-05 05:00:00
118,202602,NORTE,102,5,5,406.65,2026-02-05,2026-02-05 05:00:00
119,202602,SUDESTE,102,5,5,406.65,2026-02-05,2026-02-05 05:00:00
120,202602,SUL,102,5,5,406.64,2026-02-05,2026-02-05 05:00:00
121,202602,NORDESTE,103,5,6,398.31,2026-02-05,2026-02-05 06:00:00
122,202602,NORTE,103,5,6,398.31,2026-02-05,2026-02-05 06:00:00
123,202602,SUDESTE,103,5,6,398.31,2026-02-05,2026-02-05 06:00:00
124,202602,SUL,103,5,6,398.31,2026-02-05,2026-02-05 06:00:00
125,202602,NORDESTE,104,5,7,381.32,2026-02-05,2026-02-05 07:00:00
126,202602,NORTE,104,5,7,381.32,2026-02-05,2026-02-05 07:00:00
127,202602,SUDESTE,104,5,7,381.32,2026-02-05,2026-02-05 07:00:00
128,202602,SUL,104,5,7,381.32,2026-02-05,2026-02-05 07:00:00
129,202602,NORDESTE,105,5,8,379.79,2026-02-05,2026-02-05 08:00:00
130,202602,NORTE,105,5,8,379.8,2026-02-05,2026-02-05 08:00:00
131,202602,SUDESTE,105,5,8,379.8,2026-02-05,2026-02-05 08:00:00
132,202602,SUL,105,5,8,379.8,2026-02-05,2026-02-05 08:00:00
133,202602,NORDESTE,106,5,9,373.25,2026-02-05,2026-02-05 09:00:00
134,202602,NORTE,106,5,9,373.25,2026-02-05,2026-02-05 09:00:00
135,202602,SUDESTE,106,5,9,373.25,2026-02-05,2026-02-05 09:00:00
136,202602,SUL,106,5,9,373.26,2026-02-05,2026-02-05 09:00:00
137,202602,NORDESTE,107,5,10,369.54,2026-02-05,2026-02-05 10:00:00
138,202602,NORTE,107,5,10,369.54,2026-02-05,2026-02-05 10:00:00
139,202602,SUDESTE,107,5,10,369.54,2026-02-05,2026-02-05 10:00:00
140,202602,SUL,107,5,10,369.55,2026-02-05,2026-02-05 10:00:00
141,202602,NORDESTE,108,5,11,335.14,2026-02-05,2026-02-05 11:00:00
142,202602,NORTE,108,5,11,335.15,2026-02-05,2026-02-05 11:00:00
143,202602,SUDESTE,108,5,11,335.15,2026-02-05,2026-02-05 11:00:00
144,202602,SUL,108,5,11,368.45,2026-02-05,2026-02-05 11:00:00
145,202602,NORDESTE,109,5,12,350.92,2026-02-05,2026-02-05 12:00:00
146,202602,NORTE,109,5,12,350.92,2026-02-05,2026-02-05 12:00:00
147,202602,SUDESTE,109,5,12,350.92,2026-02-05,2026-02-05 12:00:00
148,202602,SUL,109,5,12,350.93,2026-02-05,2026-02-05 12:00:00
149,202602,NORDESTE,110,5,13,342.58,2026-02-05,2026-02-05 13:00:00
150,202602,NORTE,110,5,13,342.59,2026-02-05,2026-02-05 13:00:00
151,202602,SUDESTE,110,5,13,342.59,2026-02-05,2026-02-05 13:00:00
152,202602,SUL,110,5,13,372.22,2026-02-05,2026-02-05 13:00:00
153,202602,NORDESTE,111,5,14,363.81,2026-02-05,2026-02-05 14:00:00
154,202602,NORTE,111,5,14,363.82,2026-02-05,2026-02-05 14:00:00
155,202602,SUDESTE,111,5,14,363.82,2026-02-05,2026-02-05 14:00:00
156,202602,SUL,111,5,14,372.58,2026-02-05,2026-02-05 14:00:00
157,202602,NORDESTE,112,5,15,381.59,2026-02-05,2026-02-05 15:00:00
158,202602,NORTE,112,5,15,381.59,2026-02-05,2026-02-05 15:00:00
159,202602,SUDESTE,112,5,15,381.59,2026-02-05,2026-02-05 15:00:00
160,202602,SUL,112,5,15,381.59,2026-02-05,2026-02-05 15:00:00
161,202602,NORDESTE,113,5,16,479.69,2026-02-05,2026-02-05 16:00:00
162,202602,NORTE,113,5,16,479.68,2026-02-05,2026-02-05 16:00:00
163,202602,SUDESTE,113,5,16,479.68,2026-02-05,2026-02-05 16:00:00
164,202602,SUL,113,5,16,479.68,2026-02-05,2026-02-05 16:00:00
165,202602,NORDESTE,114,5,17,530.73,2026-02-05,2026-02-05 17:00:00
166,202602,NORTE,114,5,17,530.72,2026-02-05,2026-02-05 17:00:00
167,202602,SUDESTE,114,5,17,530.73,2026-02-05,2026-02-05 17:00:00
168,202602,SUL,114,5,17,530.73,2026-02-05,2026-02-05 17:00:00
169,202602,NORDESTE,115,5,18,588.81,2026-02-05,2026-02-05 18:00:00
170,202602,NORTE,115,5,18,588.8,2026-02-05,2026-02-05 18:00:00
171,202602,SUDESTE,115,5,18,588.81,2026-02-05,2026-02-05 18:00:00
172,202602,SUL,115,5,18,588.81,2026-02-05,2026-02-05 18:00:00
173,202602,NORDESTE,116,5,19,635.8,2026-02-05,2026-02-05 19:00:00
174,202602,NORTE,116,5,19,635.79,2026-02-05,2026-02-05 19:00:00
175,202602,SUDESTE,116,5,19,635.8,2026-02-05,2026-02-05 19:00:00
176,202602,SUL,116,5,19,635.8,2026-02-05,2026-02-05 19:00:00
177,202602,NORDESTE,117,5,20,637.87,2026-02-05,2026-02-05 20:00:00
178,202602,NORTE,117,5,20,637.86,2026-02-05,2026-02-05 20:00:00
179,202602,SUDESTE,117,5,20,637.87,2026-02-05,2026-02-05 20:00:00
180,202602,SUL,117,5,20,637.87,2026-02-05,2026-02-05 20:00:00
181,202602,NORDESTE,118,5,21,633.33,2026-02-05,2026-02-05 21:00:00
182,202602,NORTE,118,5,21,633.32,2026-02-05,2026-02-05 21:00:00
183,202602,SUDESTE,118,5,21,633.33,2026-02-05,2026-02-05 21:00:00
184,202602,SUL,118,5,21,633.33,2026-02-05,2026-02-05 21:00:00
185,202602,NORDESTE,119,5,22,603.32,2026-02-05,2026-02-05 22:00:00
186,202602,NORTE,119,5,22,603.31,2026-02-05,2026-02-05 22:00:00
187,202602,SUDESTE,119,5,22,603.31,2026-02-05,2026-02-05 22:00:00
188,202602,SUL,119,5,22,603.31,2026-02-05,2026-02-05 22:00:00
189,202602,NORDESTE,120,5,23,517.57,2026-02-05,2026-02-05 23:00:00
190,202602,NORTE,120,5,23,517.56,2026-02-05,2026-02-05 23:00:00
191,202602,SUDESTE,120,5,23,517.56,2026-02-05,2026-02-05 23:00:00
192,202602,SUL,120,5,23,517.56,2026-02-05,2026-02-05 23:00:00
193,202602,NORDESTE,73,4,0,445.78,2026-02-04,2026-02-04 00:00:00
194,202602,NORTE,73,4,0,445.77,2026-02-04,2026-02-04 00:00:00
195,202602,SUDESTE,73,4,0,445.78,2026-02-04,2026-02-04 00:00:00
196,202602,SUL,73,4,0,445.78,2026-02-04,2026-02-04 00:00:00
197,202602,NORDESTE,74,4,1,384.09,2026-02-04,2026-02-04 01:00:00
198,202602,NORTE,74,4,1,384.08,2026-02-04,2026-02-04 01:00:00
199,202602,SUDESTE,74,4,1,384.08,2026-02-04,2026-02-04 01:00:00
200,202602,SUL,74,4,1,384.08,2026-02-04,2026-02-04 01:00:00
201,202602,NORDESTE,75,4,2,372.66,2026-02-04,2026-02-04 02:00:00
202,202602,NORTE,75,4,2,372.65,2026-02-04,2026-02-04 02:00:00
203,202602,SUDESTE,75,4,2,372.66,2026-02-04,2026-02-04 02:00:00
204,202602,SUL,75,4,2,372.66,2026-02-04,2026-02-04 02:00:00
205,202602,NORDESTE,76,4,3,370.51,2026-02-04,2026-02-04 03:00:00
206,202602,NORTE,76,4,3,370.5,2026-02-04,2026-02-04 03:00:00
207,202602,SUDESTE,76,4,3,370.5,2026-02-04,2026-02-04 03:00:00
208,202602,SUL,76,4,3,370.5,2026-02-04,2026-02-04 03:00:00
209,202602,NORDESTE,77,4,4,370.23,2026-02-04,2026-02-04 04:00:00
210,202602,NORTE,77,4,4,370.22,2026-02-04,2026-02-04 04:00:00
211,202602,SUDESTE,77,4,4,370.22,2026-02-04,2026-02-04 04:00:00
212,202602,SUL,77,4,4,370.22,2026-02-04,2026-02-04 04:00:00
213,202602,NORDESTE,78,4,5,372.96,2026-02-04,2026-02-04 05:00:00
214,202602,NORTE,78,4,5,372.95,2026-02-04,2026-02-04 05:00:00
215,202602,SUDESTE,78,4,5,372.95,2026-02-04,2026-02-04 05:00:00
216,202602,SUL,78,4,5,372.95,2026-02-04,2026-02-04 05:00:00
217,202602,NORDESTE,79,4,6,368.07,2026-02-04,2026-02-04 06:00:00
218,202602,NORTE,79,4,6,368.06,2026-02-04,2026-02-04 06:00:00
219,202602,SUDESTE,79,4,6,368.08,2026-02-04,2026-02-04 06:00:00
220,202602,SUL,79,4,6,368.08,2026-02-04,2026-02-04 06:00:00
221,202602,NORDESTE,80,4,7,360.69,2026-02-04,2026-02-04 07:00:00
222,202602,NORTE,80,4,7,360.68,2026-02-04,2026-02-04 07:00:00
223,202602,SUDESTE,80,4,7,360.69,2026-02-04,2026-02-04 07:00:00
224,202602,SUL,80,4,7,360.7,2026-02-04,2026-02-04 07:00:00
225,202602,NORDESTE,81,4,8,360.99,2026-02-04,2026-02-04 08:00:00
226,202602,NORTE,81,4,8,360.98,2026-02-04,2026-02-04 08:00:00
227,202602,SUDESTE,81,4,8,360.99,2026-02-04,2026-02-04 08:00:00
228,202602,SUL,81,4,8,361.0,2026-02-04,2026-02-04 08:00:00
229,202602,NORDESTE,82,4,9,356.49,2026-02-04,2026-02-04 09:00:00
230,202602,NORTE,82,4,9,356.49,2026-02-04,2026-02-04 09:00:00
231,202602,SUDESTE,82,4,9,356.5,2026-02-04,2026-02-04 09:00:00
232,202602,SUL,82,4,9,356.51,2026-02-04,2026-02-04 09:00:00
233,202602,NORDESTE,83,4,10,354.9,2026-02-04,2026-02-04 10:00:00
234,202602,NORTE,83,4,10,354.9,2026-02-04,2026-02-04 10:00:00
235,202602,SUDESTE,83,4,10,354.9,2026-02-04,2026-02-04 10:00:00
236,202602,SUL,83,4,10,354.91,2026-02-04,2026-02-04 10:00:00
237,202602,NORDESTE,84,4,11,354.84,2026-02-04,2026-02-04 11:00:00
238,202602,NORTE,84,4,11,354.84,2026-02-04,2026-02-04 11:00:00
239,202602,SUDESTE,84,4,11,354.84,2026-02-04,2026-02-04 11:00:00
240,202602,SUL,84,4,11,354.85,2026-02-04,2026-02-04 11:00:00
241,202602,NORDESTE,85,4,12,350.18,2026-02-04,2026-02-04 12:00:00
242,202602,NORTE,85,4,12,350.19,2026-02-04,2026-02-04 12:00:00
243,202602,SUDESTE,85,4,12,350.19,2026-02-04,2026-02-04 12:00:00
244,202602,SUL,85,4,12,350.19,2026-02-04,2026-02-04 12:00:00
245,202602,NORDESTE,86,4,13,319.66,2026-02-04,2026-02-04 13:00:00
246,202602,NORTE,86,4,13,319.66,2026-02-04,2026-02-04 13:00:00
247,202602,SUDESTE,86,4,13,319.66,2026-02-04,2026-02-04 13:00:00
248,202602,SUL,86,4,13,365.24,2026-02-04,2026-02-04 13:00:00
249,202602,NORDESTE,87,4,14,363.83,2026-02-04,2026-02-04 14:00:00
250,202602,NORTE,87,4,14,363.83,2026-02-04,2026-02-04 14:00:00
251,202602,SUDESTE,87,4,14,363.84,2026-02-04,2026-02-04 14:00:00
252,202602,SUL,87,4,14,367.76,2026-02-04,2026-02-04 14:00:00
253,202602,NORDESTE,88,4,15,372.98,2026-02-04,2026-02-04 15:00:00
254,202602,NORTE,88,4,15,372.97,2026-02-04,2026-02-04 15:00:00
255,202602,SUDESTE,88,4,15,372.98,2026-02-04,2026-02-04 15:00:00
256,202602,SUL,88,4,15,372.99,2026-02-04,2026-02-04 15:00:00
257,202602,NORDESTE,89,4,16,392.22,2026-02-04,2026-02-04 16:00:00
258,202602,NORTE,89,4,16,392.21,2026-02-04,2026-02-04 16:00:00
259,202602,SUDESTE,89,4,16,392.23,2026-02-04,2026-02-04 16:00:00
260,202602,SUL,89,4,16,392.23,2026-02-04,2026-02-04 16:00:00
261,202602,NORDESTE,90,4,17,435.37,2026-02-04,2026-02-04 17:00:00
262,202602,NORTE,90,4,17,435.36,2026-02-04,2026-02-04 17:00:00
263,202602,SUDESTE,90,4,17,435.37,2026-02-04,2026-02-04 17:00:00
264,202602,SUL,90,4,17,435.37,2026-02-04,2026-02-04 17:00:00
265,202602,NORDESTE,91,4,18,582.86,2026-02-04,2026-02-04 18:00:00
266,202602,NORTE,91,4,18,582.86,2026-02-04,2026-02-04 18:00:00
267,202602,SUDESTE,91,4,18,582.86,2026-02-04,2026-02-04 18:00:00
268,202602,SUL,91,4,18,582.87,2026-02-04,2026-02-04 18:00:00
269,202602,NORDESTE,92,4,19,1199.88,2026-02-04,2026-02-04 19:00:00
270,202602,NORTE,92,4,19,1199.87,2026-02-04,2026-02-04 19:00:00
271,202602,SUDESTE,92,4,19,1199.88,2026-02-04,2026-02-04 19:00:00
272,202602,SUL,92,4,19,1199.89,2026-02-04,2026-02-04 19:00:00
273,202602,NORDESTE,93,4,20,1557.91,2026-02-04,2026-02-04 20:00:00
274,202602,NORTE,93,4,20,1557.9,2026-02-04,2026-02-04 20:00:00
275,202602,SUDESTE,93,4,20,1557.92,2026-02-04,2026-02-04 20:00:00
276,202602,SUL,93,4,20,1557.93,2026-02-04,2026-02-04 20:00:00
277,202602,NORDESTE,94,4,21,1521.4,2026-02-04,2026-02-04 21:00:00
278,202602,NORTE,94,4,21,1521.39,2026-02-04,2026-02-04 21:00:00
279,202602,SUDESTE,94,4,21,1521.4,2026-02-04,2026-02-04 21:00:00
280,202602,SUL,94,4,21,1521.4,2026-02-04,2026-02-04 21:00:00
281,202602,NORDESTE,95,4,22,879.49,2026-02-04,2026-02-04 22:00:00
282,202602,NORTE,95,4,22,879.48,2026-02-04,2026-02-04 22:00:00
283,202602,SUDESTE,95,4,22,879.49,2026-02-04,2026-02-04 22:00:00
284,202602,SUL,95,4,22,879.49,2026-02-04,2026-02-04 22:00:00
285,202602,NORDESTE,96,4,23,519.47,2026-02-04,2026-02-04 23:00:00
286,202602,NORTE,96,4,23,519.46,2026-02-04,2026-02-04 23:00:00
287,202602,SUDESTE,96,4,23,519.46,2026-02-04,2026-02-04 23:00:00
288,202602,SUL,96,4,23,519.46,2026-02-04,2026-02-04 23:00:00
289,202602,NORDESTE,49,3,0,495.56,2026-02-03,2026-02-03 00:00:00
290,202602,NORTE,49,3,0,495.55,2026-02-03,2026-02-03 00:00:00
291,202602,SUDESTE,49,3,0,495.56,2026-02-03,2026-02-03 00:00:00
292,202602,SUL,49,3,0,495.55,2026-02-03,2026-02-03 00:00:00
293,202602,NORDESTE,50,3,1,388.14,2026-02-03,2026-02-03 01:00:00
294,202602,NORTE,50,3,1,388.13,2026-02-03,2026-02-03 01:00:00
295,202602,SUDESTE,50,3,1,388.13,2026-02-03,2026-02-03 01:00:00
296,202602,SUL,50,3,1,388.12,2026-02-03,2026-02-03 01:00:00
297,202602,NORDESTE,51,3,2,377.17,2026-02-03,2026-02-03 02:00:00
298,202602,NORTE,51,3,2,377.16,2026-02-03,2026-02-03 02:00:00
299,202602,SUDESTE,51,3,2,377.17,2026-02-03,2026-02-03 02:00:00
300,202602,SUL,51,3,2,377.17,2026-02-03,2026-02-03 02:00:00
301,202602,NORDESTE,52,3,3,376.74,2026-02-03,2026-02-03 03:00:00
302,202602,NORTE,52,3,3,376.73,2026-02-03,2026-02-03 03:00:00
303,202602,SUDESTE,52,3,3,376.74,2026-02-03,2026-02-03 03:00:00
304,202602,SUL,52,3,3,376.74,2026-02-03,2026-02-03 03:00:00
305,202602,NORDESTE,53,3,4,376.7,2026-02-03,2026-02-03 04:00:00
306,202602,NORTE,53,3,4,376.69,2026-02-03,2026-02-03 04:00:00
307,202602,SUDESTE,53,3,4,376.69,2026-02-03,2026-02-03 04:00:00
308,202602,SUL,53,3,4,376.69,2026-02-03,2026-02-03 04:00:00
309,202602,NORDESTE,54,3,5,379.26,2026-02-03,2026-02-03 05:00:00
310,202602,NORTE,54,3,5,379.25,2026-02-03,2026-02-03 05:00:00
311,202602,SUDESTE,54,3,5,379.25,2026-02-03,2026-02-03 05:00:00
312,202602,SUL,54,3,5,379.24,2026-02-03,2026-02-03 05:00:00
313,202602,NORDESTE,55,3,6,376.86,2026-02-03,2026-02-03 06:00:00
314,202602,NORTE,55,3,6,376.85,2026-02-03,2026-02-03 06:00:00
315,202602,SUDESTE,55,3,6,376.86,2026-02-03,2026-02-03 06:00:00
316,202602,SUL,55,3,6,376.86,2026-02-03,2026-02-03 06:00:00
317,202602,NORDESTE,56,3,7,370.3,2026-02-03,2026-02-03 07:00:00
318,202602,NORTE,56,3,7,370.29,2026-02-03,2026-02-03 07:00:00
319,202602,SUDESTE,56,3,7,370.3,2026-02-03,2026-02-03 07:00:00
320,202602,SUL,56,3,7,370.31,2026-02-03,2026-02-03 07:00:00
321,202602,NORDESTE,57,3,8,369.2,2026-02-03,2026-02-03 08:00:00
322,202602,NORTE,57,3,8,369.2,2026-02-03,2026-02-03 08:00:00
323,202602,SUDESTE,57,3,8,369.21,2026-02-03,2026-02-03 08:00:00
324,202602,SUL,57,3,8,369.22,2026-02-03,2026-02-03 08:00:00
325,202602,NORDESTE,58,3,9,362.85,2026-02-03,2026-02-03 09:00:00
326,202602,NORTE,58,3,9,362.86,2026-02-03,2026-02-03 09:00:00
327,202602,SUDESTE,58,3,9,362.86,2026-02-03,2026-02-03 09:00:00
328,202602,SUL,58,3,9,362.87,2026-02-03,2026-02-03 09:00:00
329,202602,NORDESTE,59,3,10,362.08,2026-02-03,2026-02-03 10:00:00
330,202602,NORTE,59,3,10,362.09,2026-02-03,2026-02-03 10:00:00
331,202602,SUDESTE,59,3,10,362.09,2026-02-03,2026-02-03 10:00:00
332,202602,SUL,59,3,10,362.1,2026-02-03,2026-02-03 10:00:00
333,202602,NORDESTE,60,3,11,362.48,2026-02-03,2026-02-03 11:00:00
334,202602,NORTE,60,3,11,362.48,2026-02-03,2026-02-03 11:00:00
335,202602,SUDESTE,60,3,11,362.48,2026-02-03,2026-02-03 11:00:00
336,202602,SUL,60,3,11,362.49,2026-02-03,2026-02-03 11:00:00
337,202602,NORDESTE,61,3,12,355.35,2026-02-03,2026-02-03 12:00:00
338,202602,NORTE,61,3,12,355.36,2026-02-03,2026-02-03 12:00:00
339,202602,SUDESTE,61,3,12,355.36,2026-02-03,2026-02-03 12:00:00
340,202602,SUL,61,3,12,355.37,2026-02-03,2026-02-03 12:00:00
341,202602,NORDESTE,62,3,13,339.79,2026-02-03,2026-02-03 13:00:00
342,202602,NORTE,62,3,13,339.8,2026-02-03,2026-02-03 13:00:00
343,202602,SUDESTE,62,3,13,339.8,2026-02-03,2026-02-03 13:00:00
344,202602,SUL,62,3,13,370.81,2026-02-03,2026-02-03 13:00:00
345,202602,NORDESTE,63,3,14,359.5,2026-02-03,2026-02-03 14:00:00
346,202602,NORTE,63,3,14,359.5,2026-02-03,2026-02-03 14:00:00
347,202602,SUDESTE,63,3,14,359.51,2026-02-03,2026-02-03 14:00:00
348,202602,SUL,63,3,14,374.87,2026-02-03,2026-02-03 14:00:00
349,202602,NORDESTE,64,3,15,374.81,2026-02-03,2026-02-03 15:00:00
350,202602,NORTE,64,3,15,374.81,2026-02-03,2026-02-03 15:00:00
351,202602,SUDESTE,64,3,15,374.82,2026-02-03,2026-02-03 15:00:00
352,202602,SUL,64,3,15,375.93,2026-02-03,2026-02-03 15:00:00
353,202602,NORDESTE,65,3,16,392.79,2026-02-03,2026-02-03 16:00:00
354,202602,NORTE,65,3,16,392.78,2026-02-03,2026-02-03 16:00:00
355,202602,SUDESTE,65,3,16,392.8,2026-02-03,2026-02-03 16:00:00
356,202602,SUL,65,3,16,392.8,2026-02-03,2026-02-03 16:00:00
357,202602,NORDESTE,66,3,17,422.89,2026-02-03,2026-02-03 17:00:00
358,202602,NORTE,66,3,17,422.88,2026-02-03,2026-02-03 17:00:00
359,202602,SUDESTE,66,3,17,422.9,2026-02-03,2026-02-03 17:00:00
360,202602,SUL,66,3,17,422.9,2026-02-03,2026-02-03 17:00:00
361,202602,NORDESTE,67,3,18,582.83,2026-02-03,2026-02-03 18:00:00
362,202602,NORTE,67,3,18,582.82,2026-02-03,2026-02-03 18:00:00
363,202602,SUDESTE,67,3,18,582.84,2026-02-03,2026-02-03 18:00:00
364,202602,SUL,67,3,18,582.84,2026-02-03,2026-02-03 18:00:00
365,202602,NORDESTE,68,3,19,694.33,2026-02-03,2026-02-03 19:00:00
366,202602,NORTE,68,3,19,694.32,2026-02-03,2026-02-03 19:00:00
367,202602,SUDESTE,68,3,19,694.33,2026-02-03,2026-02-03 19:00:00
368,202602,SUL,68,3,19,694.33,2026-02-03,2026-02-03 19:00:00
369,202602,NORDESTE,69,3,20,781.41,2026-02-03,2026-02-03 20:00:00
370,202602,NORTE,69,3,20,781.4,2026-02-03,2026-02-03 20:00:00
371,202602,SUDESTE,69,3,20,781.42,2026-02-03,2026-02-03 20:00:00
372,202602,SUL,69,3,20,781.43,2026-02-03,2026-02-03 20:00:00
373,202602,NORDESTE,70,3,21,786.79,2026-02-03,2026-02-03 21:00:00
374,202602,NORTE,70,3,21,786.78,2026-02-03,2026-02-03 21:00:00
375,202602,SUDESTE,70,3,21,786.8,2026-02-03,2026-02-03 21:00:00
376,202602,SUL,70,3,21,786.8,2026-02-03,2026-02-03 21:00:00
377,202602,NORDESTE,71,3,22,712.53,2026-02-03,2026-02-03 22:00:00
378,202602,NORTE,71,3,22,712.52,2026-02-03,2026-02-03 22:00:00
379,202602,SUDESTE,71,3,22,712.53,2026-02-03,2026-02-03 22:00:00
380,202602,SUL,71,3,22,712.54,2026-02-03,2026-02-03 22:00:00
381,202602,NORDESTE,72,3,23,573.32,2026-02-03,2026-02-03 23:00:00
382,202602,NORTE,72,3,23,573.31,2026-02-03,2026-02-03 23:00:00
383,202602,SUDESTE,72,3,23,573.32,2026-02-03,2026-02-03 23:00:00
384,202602,SUL,72,3,23,573.32,2026-02-03,2026-02-03 23:00:00
385,202602,NORDESTE,25,2,0,385.36,2026-02-02,2026-02-02 00:00:00
386,202602,NORTE,25,2,0,385.35,2026-02-02,2026-02-02 00:00:00
387,202602,SUDESTE,25,2,0,385.36,2026-02-02,2026-02-02 00:00:00
388,202602,SUL,25,2,0,385.36,2026-02-02,2026-02-02 00:00:00
389,202602,NORDESTE,26,2,1,377.6,2026-02-02,2026-02-02 01:00:00
390,202602,NORTE,26,2,1,377.6,2026-02-02,2026-02-02 01:00:00
391,202602,SUDESTE,26,2,1,377.6,2026-02-02,2026-02-02 01:00:00
392,202602,SUL,26,2,1,377.6,2026-02-02,2026-02-02 01:00:00
393,202602,NORDESTE,27,2,2,375.08,2026-02-02,2026-02-02 02:00:00
394,202602,NORTE,27,2,2,375.09,2026-02-02,2026-02-02 02:00:00
395,202602,SUDESTE,27,2,2,375.09,2026-02-02,2026-02-02 02:00:00
396,202602,SUL,27,2,2,375.09,2026-02-02,2026-02-02 02:00:00
397,202602,NORDESTE,28,2,3,374.24,2026-02-02,2026-02-02 03:00:00
398,202602,NORTE,28,2,3,374.24,2026-02-02,2026-02-02 03:00:00
399,202602,SUDESTE,28,2,3,374.24,2026-02-02,2026-02-02 03:00:00
400,202602,SUL,28,2,3,374.25,2026-02-02,2026-02-02 03:00:00
401,202602,NORDESTE,29,2,4,374.93,2026-02-02,2026-02-02 04:00:00
402,202602,NORTE,29,2,4,374.93,2026-02-02,2026-02-02 04:00:00
403,202602,SUDESTE,29,2,4,374.93,2026-02-02,2026-02-02 04:00:00
404,202602,SUL,29,2,4,374.93,2026-02-02,2026-02-02 04:00:00
405,202602,NORDESTE,30,2,5,376.99,2026-02-02,2026-02-02 05:00:00
406,202602,NORTE,30,2,5,376.99,2026-02-02,2026-02-02 05:00:00
407,202602,SUDESTE,30,2,5,376.99,2026-02-02,2026-02-02 05:00:00
408,202602,SUL,30,2,5,376.99,2026-02-02,2026-02-02 05:00:00
409,202602,NORDESTE,31,2,6,376.22,2026-02-02,2026-02-02 06:00:00
410,202602,NORTE,31,2,6,376.22,2026-02-02,2026-02-02 06:00:00
411,202602,SUDESTE,31,2,6,376.23,2026-02-02,2026-02-02 06:00:00
412,202602,SUL,31,2,6,376.23,2026-02-02,2026-02-02 06:00:00
413,202602,NORDESTE,32,2,7,372.71,2026-02-02,2026-02-02 07:00:00
414,202602,NORTE,32,2,7,372.71,2026-02-02,2026-02-02 07:00:00
415,202602,SUDESTE,32,2,7,372.71,2026-02-02,2026-02-02 07:00:00
416,202602,SUL,32,2,7,372.72,2026-02-02,2026-02-02 07:00:00
417,202602,NORDESTE,33,2,8,373.66,2026-02-02,2026-02-02 08:00:00
418,202602,NORTE,33,2,8,373.66,2026-02-02,2026-02-02 08:00:00
419,202602,SUDESTE,33,2,8,373.66,2026-02-02,2026-02-02 08:00:00
420,202602,SUL,33,2,8,373.67,2026-02-02,2026-02-02 08:00:00
421,202602,NORDESTE,34,2,9,371.43,2026-02-02,2026-02-02 09:00:00
422,202602,NORTE,34,2,9,371.43,2026-02-02,2026-02-02 09:00:00
423,202602,SUDESTE,34,2,9,371.43,2026-02-02,2026-02-02 09:00:00
424,202602,SUL,34,2,9,371.44,2026-02-02,2026-02-02 09:00:00
425,202602,NORDESTE,35,2,10,370.67,2026-02-02,2026-02-02 10:00:00
426,202602,NORTE,35,2,10,370.67,2026-02-02,2026-02-02 10:00:00
427,202602,SUDESTE,35,2,10,370.67,2026-02-02,2026-02-02 10:00:00
428,202602,SUL,35,2,10,370.68,2026-02-02,2026-02-02 10:00:00
429,202602,NORDESTE,36,2,11,367.6,2026-02-02,2026-02-02 11:00:00
430,202602,NORTE,36,2,11,367.6,2026-02-02,2026-02-02 11:00:00
431,202602,SUDESTE,36,2,11,367.6,2026-02-02,2026-02-02 11:00:00
432,202602,SUL,36,2,11,367.61,2026-02-02,2026-02-02 11:00:00
433,202602,NORDESTE,37,2,12,359.03,2026-02-02,2026-02-02 12:00:00
434,202602,NORTE,37,2,12,359.04,2026-02-02,2026-02-02 12:00:00
435,202602,SUDESTE,37,2,12,359.04,2026-02-02,2026-02-02 12:00:00
436,202602,SUL,37,2,12,359.05,2026-02-02,2026-02-02 12:00:00
437,202602,NORDESTE,38,2,13,358.5,2026-02-02,2026-02-02 13:00:00
438,202602,NORTE,38,2,13,358.51,2026-02-02,2026-02-02 13:00:00
439,202602,SUDESTE,38,2,13,358.51,2026-02-02,2026-02-02 13:00:00
440,202602,SUL,38,2,13,374.77,2026-02-02,2026-02-02 13:00:00
441,202602,NORDESTE,39,2,14,375.85,2026-02-02,2026-02-02 14:00:00
442,202602,NORTE,39,2,14,375.85,2026-02-02,2026-02-02 14:00:00
443,202602,SUDESTE,39,2,14,375.85,2026-02-02,2026-02-02 14:00:00
444,202602,SUL,39,2,14,377.4,2026-02-02,2026-02-02 14:00:00
445,202602,NORDESTE,40,2,15,381.5,2026-02-02,2026-02-02 15:00:00
446,202602,NORTE,40,2,15,381.5,2026-02-02,2026-02-02 15:00:00
447,202602,SUDESTE,40,2,15,381.51,2026-02-02,2026-02-02 15:00:00
448,202602,SUL,40,2,15,381.52,2026-02-02,2026-02-02 15:00:00
449,202602,NORDESTE,41,2,16,393.87,2026-02-02,2026-02-02 16:00:00
450,202602,NORTE,41,2,16,393.86,2026-02-02,2026-02-02 16:00:00
451,202602,SUDESTE,41,2,16,393.88,2026-02-02,2026-02-02 16:00:00
452,202602,SUL,41,2,16,393.88,2026-02-02,2026-02-02 16:00:00
453,202602,NORDESTE,42,2,17,404.19,2026-02-02,2026-02-02 17:00:00
454,202602,NORTE,42,2,17,404.18,2026-02-02,2026-02-02 17:00:00
455,202602,SUDESTE,42,2,17,404.19,2026-02-02,2026-02-02 17:00:00
456,202602,SUL,42,2,17,404.19,2026-02-02,2026-02-02 17:00:00
457,202602,NORDESTE,43,2,18,425.39,2026-02-02,2026-02-02 18:00:00
458,202602,NORTE,43,2,18,425.38,2026-02-02,2026-02-02 18:00:00
459,202602,SUDESTE,43,2,18,425.39,2026-02-02,2026-02-02 18:00:00
460,202602,SUL,43,2,18,425.39,2026-02-02,2026-02-02 18:00:00
461,202602,NORDESTE,44,2,19,458.29,2026-02-02,2026-02-02 19:00:00
462,202602,NORTE,44,2,19,458.28,2026-02-02,2026-02-02 19:00:00
463,202602,SUDESTE,44,2,19,458.29,2026-02-02,2026-02-02 19:00:00
464,202602,SUL,44,2,19,458.3,2026-02-02,2026-02-02 19:00:00
465,202602,NORDESTE,45,2,20,460.14,2026-02-02,2026-02-02 20:00:00
466,202602,NORTE,45,2,20,460.13,2026-02-02,2026-02-02 20:00:00
467,202602,SUDESTE,45,2,20,460.14,2026-02-02,2026-02-02 20:00:00
468,202602,SUL,45,2,20,460.15,2026-02-02,2026-02-02 20:00:00
469,202602,NORDESTE,46,2,21,465.08,2026-02-02,2026-02-02 21:00:00
470,202602,NORTE,46,2,21,465.07,2026-02-02,2026-02-02 21:00:00
471,202602,SUDESTE,46,2,21,465.08,2026-02-02,2026-02-02 21:00:00
472,202602,SUL,46,2,21,465.09,2026-02-02,2026-02-02 21:00:00
473,202602,NORDESTE,47,2,22,458.47,2026-02-02,2026-02-02 22:00:00
474,202602,NORTE,47,2,22,458.46,2026-02-02,2026-02-02 22:00:00
475,202602,SUDESTE,47,2,22,458.48,2026-02-02,2026-02-02 22:00:00
476,202602,SUL,47,2,22,458.48,2026-02-02,2026-02-02 22:00:00
477,202602,NORDESTE,48,2,23,412.9,2026-02-02,2026-02-02 23:00:00
478,202602,NORTE,48,2,23,412.89,2026-02-02,2026-02-02 23:00:00
479,202602,SUDESTE,48,2,23,412.9,2026-02-02,2026-02-02 23:00:00
480,202602,SUL,48,2,23,412.9,2026-02-02,2026-02-02 23:00:00
481,202602,NORDESTE,1,1,0,381.4,2026-02-01,2026-02-01 00:00:00
482,202602,NORTE,1,1,0,381.39,2026-02-01,2026-02-01 00:00:00
483,202602,SUDESTE,1,1,0,381.4,2026-02-01,2026-02-01 00:00:00
484,202602,SUL,1,1,0,381.4,2026-02-01,2026-02-01 00:00:00
485,202602,NORDESTE,2,1,1,373.98,2026-02-01,2026-02-01 01:00:00
486,202602,NORTE,2,1,1,373.97,2026-02-01,2026-02-01 01:00:00
487,202602,SUDESTE,2,1,1,373.97,2026-02-01,2026-02-01 01:00:00
488,202602,SUL,2,1,1,373.97,2026-02-01,2026-02-01 01:00:00
489,202602,NORDESTE,3,1,2,372.09,2026-02-01,2026-02-01 02:00:00
490,202602,NORTE,3,1,2,372.08,2026-02-01,2026-02-01 02:00:00
491,202602,SUDESTE,3,1,2,372.09,2026-02-01,2026-02-01 02:00:00
492,202602,SUL,3,1,2,372.09,2026-02-01,2026-02-01 02:00:00
493,202602,NORDESTE,4,1,3,371.85,2026-02-01,2026-02-01 03:00:00
494,202602,NORTE,4,1,3,371.85,2026-02-01,2026-02-01 03:00:00
495,202602,SUDESTE,4,1,3,371.85,2026-02-01,2026-02-01 03:00:00
496,202602,SUL,4,1,3,371.84,2026-02-01,2026-02-01 03:00:00
497,202602,NORDESTE,5,1,4,370.58,2026-02-01,2026-02-01 04:00:00
498,202602,NORTE,5,1,4,370.57,2026-02-01,2026-02-01 04:00:00
499,202602,SUDESTE,5,1,4,370.57,2026-02-01,2026-02-01 04:00:00
500,202602,SUL,5,1,4,370.57,2026-02-01,2026-02-01 04:00:00
501,202602,NORDESTE,6,1,5,370.07,2026-02-01,2026-02-01 05:00:00
502,202602,NORTE,6,1,5,370.06,2026-02-01,2026-02-01 05:00:00
503,202602,SUDESTE,6,1,5,370.06,2026-02-01,2026-02-01 05:00:00
504,202602,SUL,6,1,5,370.06,2026-02-01,2026-02-01 05:00:00
505,202602,NORDESTE,7,1,6,362.38,2026-02-01,2026-02-01 06:00:00
506,202602,NORTE,7,1,6,362.38,2026-02-01,2026-02-01 06:00:00
507,202602,SUDESTE,7,1,6,362.38,2026-02-01,2026-02-01 06:00:00
508,202602,SUL,7,1,6,362.38,2026-02-01,2026-02-01 06:00:00
509,202602,NORDESTE,8,1,7,321.68,2026-02-01,2026-02-01 07:00:00
510,202602,NORTE,8,1,7,321.69,2026-02-01,2026-02-01 07:00:00
511,202602,SUDESTE,8,1,7,321.69,2026-02-01,2026-02-01 07:00:00
512,202602,SUL,8,1,7,321.7,2026-02-01,2026-02-01 07:00:00
513,202602,NORDESTE,9,1,8,57.31,2026-02-01,2026-02-01 08:00:00
514,202602,NORTE,9,1,8,57.31,2026-02-01,2026-02-01 08:00:00
515,202602,SUDESTE,9,1,8,57.31,2026-02-01,2026-02-01 08:00:00
516,202602,SUL,9,1,8,57.31,2026-02-01,2026-02-01 08:00:00
517,202602,NORDESTE,10,1,9,57.31,2026-02-01,2026-02-01 09:00:00
518,202602,NORTE,10,1,9,57.31,2026-02-01,2026-02-01 09:00:00
519,202602,SUDESTE,10,1,9,57.31,2026-02-01,2026-02-01 09:00:00
520,202602,SUL,10,1,9,57.31,2026-02-01,2026-02-01 09:00:00
521,202602,NORDESTE,11,1,10,57.31,2026-02-01,2026-02-01 10:00:00
522,202602,NORTE,11,1,10,57.31,2026-02-01,2026-02-01 10:00:00
523,202602,SUDESTE,11,1,10,57.31,2026-02-01,2026-02-01 10:00:00
524,202602,SUL,11,1,10,57.31,2026-02-01,2026-02-01 10:00:00
525,202602,NORDESTE,12,1,11,57.31,2026-02-01,2026-02-01 11:00:00
526,202602,NORTE,12,1,11,57.31,2026-02-01,2026-02-01 11:00:00
527,202602,SUDESTE,12,1,11,57.31,2026-02-01,2026-02-01 11:00:00
528,202602,SUL,12,1,11,57.31,2026-02-01,2026-02-01 11:00:00
529,202602,NORDESTE,13,1,12,57.31,2026-02-01,2026-02-01 12:00:00
530,202602,NORTE,13,1,12,57.31,2026-02-01,2026-02-01 12:00:00
531,202602,SUDESTE,13,1,12,57.31,2026-02-01,2026-02-01 12:00:00
532,202602,SUL,13,1,12,57.31,2026-02-01,2026-02-01 12:00:00
533,202602,NORDESTE,14,1,13,57.31,2026-02-01,2026-02-01 13:00:00
534,202602,NORTE,14,1,13,57.31,2026-02-01,2026-02-01 13:00:00
535,202602,SUDESTE,14,1,13,57.31,2026-02-01,2026-02-01 13:00:00
536,202602,SUL,14,1,13,57.31,2026-02-01,2026-02-01 13:00:00
537,202602,NORDESTE,15,1,14,57.31,2026-02-01,2026-02-01 14:00:00
538,202602,NORTE,15,1,14,57.31,2026-02-01,2026-02-01 14:00:00
539,202602,SUDESTE,15,1,14,57.31,2026-02-01,2026-02-01 14:00:00
540,202602,SUL,15,1,14,57.31,2026-02-01,2026-02-01 14:00:00
541,202602,NORDESTE,16,1,15,87.1,2026-02-01,2026-02-01 15:00:00
542,202602,NORTE,16,1,15,87.1,2026-02-01,2026-02-01 15:00:00
543,202602,SUDESTE,16,1,15,87.1,2026-02-01,2026-02-01 15:00:00
544,202602,SUL,16,1,15,87.11,2026-02-01,2026-02-01 15:00:00
545,202602,NORDESTE,17,1,16,347.81,2026-02-01,2026-02-01 16:00:00
546,202602,NORTE,17,1,16,347.82,2026-02-01,2026-02-01 16:00:00
547,202602,SUDESTE,17,1,16,347.82,2026-02-01,2026-02-01 16:00:00
548,202602,SUL,17,1,16,347.83,2026-02-01,2026-02-01 16:00:00
549,202602,NORDESTE,18,1,17,368.6,2026-02-01,2026-02-01 17:00:00
550,202602,NORTE,18,1,17,368.6,2026-02-01,2026-02-01 17:00:00
551,202602,SUDESTE,18,1,17,368.6,2026-02-01,2026-02-01 17:00:00
552,202602,SUL,18,1,17,368.6,2026-02-01,2026-02-01 17:00:00
553,202602,NORDESTE,19,1,18,385.32,2026-02-01,2026-02-01 18:00:00
554,202602,NORTE,19,1,18,385.32,2026-02-01,2026-02-01 18:00:00
555,202602,SUDESTE,19,1,18,385.32,2026-02-01,2026-02-01 18:00:00
556,202602,SUL,19,1,18,385.31,2026-02-01,2026-02-01 18:00:00
557,202602,NORDESTE,20,1,19,391.37,2026-02-01,2026-02-01 19:00:00
558,202602,NORTE,20,1,19,391.38,2026-02-01,2026-02-01 19:00:00
559,202602,SUDESTE,20,1,19,391.38,2026-02-01,2026-02-01 19:00:00
560,202602,SUL,20,1,19,391.38,2026-02-01,2026-02-01 19:00:00
561,202602,NORDESTE,21,1,20,386.38,2026-02-01,2026-02-01 20:00:00
562,202602,NORTE,21,1,20,386.38,2026-02-01,2026-02-01 20:00:00
563,202602,SUDESTE,21,1,20,386.38,2026-02-01,2026-02-01 20:00:00
564,202602,SUL,21,1,20,386.38,2026-02-01,2026-02-01 20:00:00
565,202602,NORDESTE,22,1,21,384.58,2026-02-01,2026-02-01 21:00:00
566,202602,NORTE,22,1,21,384.58,2026-02-01,2026-02-01 21:00:00
567,202602,SUDESTE,22,1,21,384.59,2026-02-01,2026-02-01 21:00:00
568,202602,SUL,22,1,21,384.59,2026-02-01,2026-02-01 21:00:00
569,202602,NORDESTE,23,1,22,379.01,2026-02-01,2026-02-01 22:00:00
570,202602,NORTE,23,1,22,379.0,2026-02-01,2026-02-01 22:00:00
571,202602,SUDESTE,23,1,22,379.01,2026-02-01,2026-02-01 22:00:00
572,202602,SUL,23,1,22,379.01,2026-02-01,2026-02-01 22:00:00
573,202602,NORDESTE,24,1,23,378.46,2026-02-01,2026-02-01 23:00:00
574,202602,NORTE,24,1,23,378.45,2026-02-01,2026-02-01 23:00:00
575,202602,SUDESTE,24,1,23,378.46,2026-02-01,2026-02-01 23:00:00
576,202602,SUL,24,1,23,378.46,2026-02-01,2026-02-01 23:00:00
577,202601,NORDESTE,721,31,0,392.43,2026-01-31,2026-01-31 00:00:00
578,202601,NORTE,721,31,0,392.42,2026-01-31,2026-01-31 00:00:00
579,202601,SUDESTE,721,31,0,392.43,2026-01-31,2026-01-31 00:00:00
580,202601,SUL,721,31,0,392.43,2026-01-31,2026-01-31 00:00:00
581,202601,NORDESTE,722,31,1,379.61,2026-01-31,2026-01-31 01:00:00
582,202601,NORTE,722,31,1,379.6,2026-01-31,2026-01-31 01:00:00
583,202601,SUDESTE,722,31,1,379.61,2026-01-31,2026-01-31 01:00:00
584,202601,SUL,722,31,1,379.61,2026-01-31,2026-01-31 01:00:00
585,202601,NORDESTE,723,31,2,374.3,2026-01-31,2026-01-31 02:00:00
586,202601,NORTE,723,31,2,374.29,2026-01-31,2026-01-31 02:00:00
587,202601,SUDESTE,723,31,2,374.3,2026-01-31,2026-01-31 02:00:00
588,202601,SUL,723,31,2,374.3,2026-01-31,2026-01-31 02:00:00
589,202601,NORDESTE,724,31,3,373.58,2026-01-31,2026-01-31 03:00:00
590,202601,NORTE,724,31,3,373.57,2026-01-31,2026-01-31 03:00:00
591,202601,SUDESTE,724,31,3,373.58,2026-01-31,2026-01-31 03:00:00
592,202601,SUL,724,31,3,373.58,2026-01-31,2026-01-31 03:00:00
593,202601,NORDESTE,725,31,4,375.02,2026-01-31,2026-01-31 04:00:00
594,202601,NORTE,725,31,4,375.02,2026-01-31,2026-01-31 04:00:00
595,202601,SUDESTE,725,31,4,375.02,2026-01-31,2026-01-31 04:00:00
596,202601,SUL,725,31,4,375.02,2026-01-31,2026-01-31 04:00:00
597,202601,NORDESTE,726,31,5,375.9,2026-01-31,2026-01-31 05:00:00
598,202601,NORTE,726,31,5,375.89,2026-01-31,2026-01-31 05:00:00
599,202601,SUDESTE,726,31,5,375.89,2026-01-31,2026-01-31 05:00:00
600,202601,SUL,726,31,5,375.89,2026-01-31,2026-01-31 05:00:00
601,202601,NORDESTE,727,31,6,370.7,2026-01-31,2026-01-31 06:00:00
602,202601,NORTE,727,31,6,370.71,2026-01-31,2026-01-31 06:00:00
603,202601,SUDESTE,727,31,6,370.71,2026-01-31,2026-01-31 06:00:00
604,202601,SUL,727,31,6,370.71,2026-01-31,2026-01-31 06:00:00
605,202601,NORDESTE,728,31,7,356.31,2026-01-31,2026-01-31 07:00:00
606,202601,NORTE,728,31,7,356.32,2026-01-31,2026-01-31 07:00:00
607,202601,SUDESTE,728,31,7,356.32,2026-01-31,2026-01-31 07:00:00
608,202601,SUL,728,31,7,356.32,2026-01-31,2026-01-31 07:00:00
609,202601,NORDESTE,729,31,8,335.13,2026-01-31,2026-01-31 08:00:00
610,202601,NORTE,729,31,8,335.14,2026-01-31,2026-01-31 08:00:00
611,202601,SUDESTE,729,31,8,335.14,2026-01-31,2026-01-31 08:00:00
612,202601,SUL,729,31,8,345.92,2026-01-31,2026-01-31 08:00:00
613,202601,NORDESTE,730,31,9,122.01,2026-01-31,2026-01-31 09:00:00
614,202601,NORTE,730,31,9,122.02,2026-01-31,2026-01-31 09:00:00
615,202601,SUDESTE,730,31,9,122.02,2026-01-31,2026-01-31 09:00:00
616,202601,SUL,730,31,9,324.53,2026-01-31,2026-01-31 09:00:00
617,202601,NORDESTE,731,31,10,57.31,2026-01-31,2026-01-31 10:00:00
618,202601,NORTE,731,31,10,57.31,2026-01-31,2026-01-31 10:00:00
619,202601,SUDESTE,731,31,10,57.31,2026-01-31,2026-01-31 10:00:00
620,202601,SUL,731,31,10,293.93,2026-01-31,2026-01-31 10:00:00
621,202601,NORDESTE,732,31,11,57.31,2026-01-31,2026-01-31 11:00:00
622,202601,NORTE,732,31,11,57.31,2026-01-31,2026-01-31 11:00:00
623,202601,SUDESTE,732,31,11,57.31,2026-01-31,2026-01-31 11:00:00
624,202601,SUL,732,31,11,292.43,2026-01-31,2026-01-31 11:00:00
625,202601,NORDESTE,733,31,12,57.31,2026-01-31,2026-01-31 12:00:00
626,202601,NORTE,733,31,12,57.31,2026-01-31,2026-01-31 12:00:00
627,202601,SUDESTE,733,31,12,57.31,2026-01-31,2026-01-31 12:00:00
628,202601,SUL,733,31,12,290.15,2026-01-31,2026-01-31 12:00:00
629,202601,NORDESTE,734,31,13,57.31,2026-01-31,2026-01-31 13:00:00
630,202601,NORTE,734,31,13,57.31,2026-01-31,2026-01-31 13:00:00
631,202601,SUDESTE,734,31,13,57.31,2026-01-31,2026-01-31 13:00:00
632,202601,SUL,734,31,13,303.14,2026-01-31,2026-01-31 13:00:00
633,202601,NORDESTE,735,31,14,177.99,2026-01-31,2026-01-31 14:00:00
634,202601,NORTE,735,31,14,177.99,2026-01-31,2026-01-31 14:00:00
635,202601,SUDESTE,735,31,14,177.99,2026-01-31,2026-01-31 14:00:00
636,202601,SUL,735,31,14,325.65,2026-01-31,2026-01-31 14:00:00
637,202601,NORDESTE,736,31,15,318.7,2026-01-31,2026-01-31 15:00:00
638,202601,NORTE,736,31,15,318.7,2026-01-31,2026-01-31 15:00:00
639,202601,SUDESTE,736,31,15,318.7,2026-01-31,2026-01-31 15:00:00
640,202601,SUL,736,31,15,336.68,2026-01-31,2026-01-31 15:00:00
641,202601,NORDESTE,737,31,16,357.48,2026-01-31,2026-01-31 16:00:00
642,202601,NORTE,737,31,16,357.48,2026-01-31,2026-01-31 16:00:00
643,202601,SUDESTE,737,31,16,357.48,2026-01-31,2026-01-31 16:00:00
644,202601,SUL,737,31,16,357.49,2026-01-31,2026-01-31 16:00:00
645,202601,NORDESTE,738,31,17,373.72,2026-01-31,2026-01-31 17:00:00
646,202601,NORTE,738,31,17,373.72,2026-01-31,2026-01-31 17:00:00
647,202601,SUDESTE,738,31,17,373.72,2026-01-31,2026-01-31 17:00:00
648,202601,SUL,738,31,17,373.73,2026-01-31,2026-01-31 17:00:00
649,202601,NORDESTE,739,31,18,394.76,2026-01-31,2026-01-31 18:00:00
650,202601,NORTE,739,31,18,394.76,2026-01-31,2026-01-31 18:00:00
651,202601,SUDESTE,739,31,18,394.76,2026-01-31,2026-01-31 18:00:00
652,202601,SUL,739,31,18,394.76,2026-01-31,2026-01-31 18:00:00
653,202601,NORDESTE,740,31,19,397.6,2026-01-31,2026-01-31 19:00:00
654,202601,NORTE,740,31,19,397.59,2026-01-31,2026-01-31 19:00:00
655,202601,SUDESTE,740,31,19,397.6,2026-01-31,2026-01-31 19:00:00
656,202601,SUL,740,31,19,397.6,2026-01-31,2026-01-31 19:00:00
657,202601,NORDESTE,741,31,20,391.47,2026-01-31,2026-01-31 20:00:00
658,202601,NORTE,741,31,20,391.46,2026-01-31,2026-01-31 20:00:00
659,202601,SUDESTE,741,31,20,391.48,2026-01-31,2026-01-31 20:00:00
660,202601,SUL,741,31,20,391.48,2026-01-31,2026-01-31 20:00:00
661,202601,NORDESTE,742,31,21,383.53,2026-01-31,2026-01-31 21:00:00
662,202601,NORTE,742,31,21,383.52,2026-01-31,2026-01-31 21:00:00
663,202601,SUDESTE,742,31,21,383.53,2026-01-31,2026-01-31 21:00:00
664,202601,SUL,742,31,21,383.53,2026-01-31,2026-01-31 21:00:00
665,202601,NORDESTE,743,31,22,383.05,2026-01-31,2026-01-31 22:00:00
666,202601,NORTE,743,31,22,383.04,2026-01-31,2026-01-31 22:00:00
667,202601,SUDESTE,743,31,22,383.05,2026-01-31,2026-01-31 22:00:00
668,202601,SUL,743,31,22,383.05,2026-01-31,2026-01-31 22:00:00
669,202601,NORDESTE,744,31,23,382.91,2026-01-31,2026-01-31 23:00:00
670,202601,NORTE,744,31,23,382.9,2026-01-31,2026-01-31 23:00:00
671,202601,SUDESTE,744,31,23,382.92,2026-01-31,2026-01-31 23:00:00
672,202601,SUL,744,31,23,382.92,2026-01-31,2026-01-31 23:00:00
673,202601,NORDESTE,697,30,0,299.9,2026-01-30,2026-01-30 00:00:00
674,202601,NORTE,697,30,0,299.89,2026-01-30,2026-01-30 00:00:00
675,202601,SUDESTE,697,30,0,299.91,2026-01-30,2026-01-30 00:00:00
676,202601,SUL,697,30,0,299.91,2026-01-30,2026-01-30 00:00:00
677,202601,NORDESTE,698,30,1,292.08,2026-01-30,2026-01-30 01:00:00
678,202601,NORTE,698,30,1,292.07,2026-01-30,2026-01-30 01:00:00
679,202601,SUDESTE,698,30,1,292.09,2026-01-30,2026-01-30 01:00:00
680,202601,SUL,698,30,1,292.09,2026-01-30,2026-01-30 01:00:00
681,202601,NORDESTE,699,30,2,286.9,2026-01-30,2026-01-30 02:00:00
682,202601,NORTE,699,30,2,286.89,2026-01-30,2026-01-30 02:00:00
683,202601,SUDESTE,699,30,2,286.9,2026-01-30,2026-01-30 02:00:00
684,202601,SUL,699,30,2,286.9,2026-01-30,2026-01-30 02:00:00
685,202601,NORDESTE,700,30,3,285.23,2026-01-30,2026-01-30 03:00:00
686,202601,NORTE,700,30,3,285.22,2026-01-30,2026-01-30 03:00:00
687,202601,SUDESTE,700,30,3,285.23,2026-01-30,2026-01-30 03:00:00
688,202601,SUL,700,30,3,285.23,2026-01-30,2026-01-30 03:00:00
689,202601,NORDESTE,701,30,4,285.85,2026-01-30,2026-01-30 04:00:00
690,202601,NORTE,701,30,4,285.84,2026-01-30,2026-01-30 04:00:00
691,202601,SUDESTE,701,30,4,285.85,2026-01-30,2026-01-30 04:00:00
692,202601,SUL,701,30,4,285.85,2026-01-30,2026-01-30 04:00:00
693,202601,NORDESTE,702,30,5,287.53,2026-01-30,2026-01-30 05:00:00
694,202601,NORTE,702,30,5,287.52,2026-01-30,2026-01-30 05:00:00
695,202601,SUDESTE,702,30,5,287.53,2026-01-30,2026-01-30 05:00:00
696,202601,SUL,702,30,5,287.53,2026-01-30,2026-01-30 05:00:00
697,202601,NORDESTE,703,30,6,285.23,2026-01-30,2026-01-30 06:00:00
698,202601,NORTE,703,30,6,285.22,2026-01-30,2026-01-30 06:00:00
699,202601,SUDESTE,703,30,6,285.24,2026-01-30,2026-01-30 06:00:00
700,202601,SUL,703,30,6,285.24,2026-01-30,2026-01-30 06:00:00
701,202601,NORDESTE,704,30,7,279.1,2026-01-30,2026-01-30 07:00:00
702,202601,NORTE,704,30,7,279.09,2026-01-30,2026-01-30 07:00:00
703,202601,SUDESTE,704,30,7,283.82,2026-01-30,2026-01-30 07:00:00
704,202601,SUL,704,30,7,283.83,2026-01-30,2026-01-30 07:00:00
705,202601,NORDESTE,705,30,8,276.11,2026-01-30,2026-01-30 08:00:00
706,202601,NORTE,705,30,8,276.11,2026-01-30,2026-01-30 08:00:00
707,202601,SUDESTE,705,30,8,284.56,2026-01-30,2026-01-30 08:00:00
708,202601,SUL,705,30,8,284.57,2026-01-30,2026-01-30 08:00:00
709,202601,NORDESTE,706,30,9,277.05,2026-01-30,2026-01-30 09:00:00
710,202601,NORTE,706,30,9,277.06,2026-01-30,2026-01-30 09:00:00
711,202601,SUDESTE,706,30,9,282.03,2026-01-30,2026-01-30 09:00:00
712,202601,SUL,706,30,9,282.04,2026-01-30,2026-01-30 09:00:00
713,202601,NORDESTE,707,30,10,277.02,2026-01-30,2026-01-30 10:00:00
714,202601,NORTE,707,30,10,277.03,2026-01-30,2026-01-30 10:00:00
715,202601,SUDESTE,707,30,10,278.78,2026-01-30,2026-01-30 10:00:00
716,202601,SUL,707,30,10,278.79,2026-01-30,2026-01-30 10:00:00
717,202601,NORDESTE,708,30,11,277.08,2026-01-30,2026-01-30 11:00:00
718,202601,NORTE,708,30,11,277.09,2026-01-30,2026-01-30 11:00:00
719,202601,SUDESTE,708,30,11,277.09,2026-01-30,2026-01-30 11:00:00
720,202601,SUL,708,30,11,277.1,2026-01-30,2026-01-30 11:00:00
721,202601,NORDESTE,709,30,12,274.35,2026-01-30,2026-01-30 12:00:00
722,202601,NORTE,709,30,12,274.36,2026-01-30,2026-01-30 12:00:00
723,202601,SUDESTE,709,30,12,274.36,2026-01-30,2026-01-30 12:00:00
724,202601,SUL,709,30,12,274.37,2026-01-30,2026-01-30 12:00:00
725,202601,NORDESTE,710,30,13,275.45,2026-01-30,2026-01-30 13:00:00
726,202601,NORTE,710,30,13,275.45,2026-01-30,2026-01-30 13:00:00
727,202601,SUDESTE,710,30,13,278.13,2026-01-30,2026-01-30 13:00:00
728,202601,SUL,710,30,13,281.69,2026-01-30,2026-01-30 13:00:00
729,202601,NORDESTE,711,30,14,275.4,2026-01-30,2026-01-30 14:00:00
730,202601,NORTE,711,30,14,275.41,2026-01-30,2026-01-30 14:00:00
731,202601,SUDESTE,711,30,14,284.35,2026-01-30,2026-01-30 14:00:00
732,202601,SUL,711,30,14,284.35,2026-01-30,2026-01-30 14:00:00
733,202601,NORDESTE,712,30,15,274.11,2026-01-30,2026-01-30 15:00:00
734,202601,NORTE,712,30,15,274.11,2026-01-30,2026-01-30 15:00:00
735,202601,SUDESTE,712,30,15,289.63,2026-01-30,2026-01-30 15:00:00
736,202601,SUL,712,30,15,289.63,2026-01-30,2026-01-30 15:00:00
737,202601,NORDESTE,713,30,16,284.67,2026-01-30,2026-01-30 16:00:00
738,202601,NORTE,713,30,16,284.67,2026-01-30,2026-01-30 16:00:00
739,202601,SUDESTE,713,30,16,294.96,2026-01-30,2026-01-30 16:00:00
740,202601,SUL,713,30,16,294.96,2026-01-30,2026-01-30 16:00:00
741,202601,NORDESTE,714,30,17,301.1,2026-01-30,2026-01-30 17:00:00
742,202601,NORTE,714,30,17,301.09,2026-01-30,2026-01-30 17:00:00
743,202601,SUDESTE,714,30,17,301.99,2026-01-30,2026-01-30 17:00:00
744,202601,SUL,714,30,17,301.99,2026-01-30,2026-01-30 17:00:00
745,202601,NORDESTE,715,30,18,330.31,2026-01-30,2026-01-30 18:00:00
746,202601,NORTE,715,30,18,330.3,2026-01-30,2026-01-30 18:00:00
747,202601,SUDESTE,715,30,18,330.32,2026-01-30,2026-01-30 18:00:00
748,202601,SUL,715,30,18,330.32,2026-01-30,2026-01-30 18:00:00
749,202601,NORDESTE,716,30,19,385.5,2026-01-30,2026-01-30 19:00:00
750,202601,NORTE,716,30,19,385.49,2026-01-30,2026-01-30 19:00:00
751,202601,SUDESTE,716,30,19,385.51,2026-01-30,2026-01-30 19:00:00
752,202601,SUL,716,30,19,385.51,2026-01-30,2026-01-30 19:00:00
753,202601,NORDESTE,717,30,20,385.43,2026-01-30,2026-01-30 20:00:00
754,202601,NORTE,717,30,20,385.42,2026-01-30,2026-01-30 20:00:00
755,202601,SUDESTE,717,30,20,385.44,2026-01-30,2026-01-30 20:00:00
756,202601,SUL,717,30,20,385.44,2026-01-30,2026-01-30 20:00:00
757,202601,NORDESTE,718,30,21,376.48,2026-01-30,2026-01-30 21:00:00
758,202601,NORTE,718,30,21,376.47,2026-01-30,2026-01-30 21:00:00
759,202601,SUDESTE,718,30,21,376.49,2026-01-30,2026-01-30 21:00:00
760,202601,SUL,718,30,21,376.49,2026-01-30,2026-01-30 21:00:00
761,202601,NORDESTE,719,30,22,334.5,2026-01-30,2026-01-30 22:00:00
762,202601,NORTE,719,30,22,334.49,2026-01-30,2026-01-30 22:00:00
763,202601,SUDESTE,719,30,22,334.51,2026-01-30,2026-01-30 22:00:00
764,202601,SUL,719,30,22,334.51,2026-01-30,2026-01-30 22:00:00
765,202601,NORDESTE,720,30,23,303.68,2026-01-30,2026-01-30 23:00:00
766,202601,NORTE,720,30,23,303.67,2026-01-30,2026-01-30 23:00:00
767,202601,SUDESTE,720,30,23,303.68,2026-01-30,2026-01-30 23:00:00
768,202601,SUL,720,30,23,303.68,2026-01-30,2026-01-30 23:00:00
