geracao,instante
35888.6953,2026-02-10T00:00:00-03:00
35873.3438,2026-02-10T00:01:00-03:00
35795.48,2026-02-10T00:02:00-03:00
35791.8359,2026-02-10T00:03:00-03:00
35777.91,2026-02-10T00:04:00-03:00
35839.125,2026-02-10T00:05:00-03:00
35841.39,2026-02-10T00:06:00-03:00
35888.4922,2026-02-10T00:07:00-03:00
35886.69,2026-02-10T00:08:00-03:00
35909.043,2026-02-10T00:09:00-03:00
35845.6875,2026-02-10T00:10:00-03:00
35843.5273,2026-02-10T00:11:00-03:00
35805.0039,2026-02-10T00:12:00-03:00
35711.4375,2026-02-10T00:13:00-03:00
35612.8867,2026-02-10T00:14:00-03:00
35592.7734,2026-02-10T00:15:00-03:00
35512.02,2026-02-10T00:16:00-03:00
35464.51,2026-02-10T00:17:00-03:00
35449.71,2026-02-10T00:18:00-03:00
35383.99,2026-02-10T00:19:00-03:00
35348.9258,2026-02-10T00:20:00-03:00
35294.5,2026-02-10T00:21:00-03:00
35284.4727,2026-02-10T00:22:00-03:00
35247.9375,2026-02-10T00:23:00-03:00
35273.5742,2026-02-10T00:24:00-03:00
35299.6953,2026-02-10T00:25:00-03:00
35325.76,2026-02-10T00:26:00-03:00
35370.4375,2026-02-10T00:27:00-03:00
35233.47,2026-02-10T00:28:00-03:00
35197.5352,2026-02-10T00:29:00-03:00
35176.0469,2026-02-10T00:30:00-03:00
35142.207,2026-02-10T00:31:00-03:00
35051.707,2026-02-10T00:32:00-03:00
34919.1055,2026-02-10T00:33:00-03:00
34912.2461,2026-02-10T00:34:00-03:00
35016.3,2026-02-10T00:35:00-03:00
34937.5938,2026-02-10T00:36:00-03:00
35011.0625,2026-02-10T00:37:00-03:00
35126.793,2026-02-10T00:38:00-03:00
35147.63,2026-02-10T00:39:00-03:00
35206.79,2026-02-10T00:40:00-03:00
35068.78,2026-02-10T00:41:00-03:00
34970.14,2026-02-10T00:42:00-03:00
34975.9531,2026-02-10T00:43:00-03:00
34928.39,2026-02-10T00:44:00-03:00
34786.89,2026-02-10T00:45:00-03:00
34766.1758,2026-02-10T00:46:00-03:00
34676.6641,2026-02-10T00:47:00-03:00
34661.84,2026-02-10T00:48:00-03:00
34759.7461,2026-02-10T00:49:00-03:00
34637.082,2026-02-10T00:50:00-03:00
34639.4258,2026-02-10T00:51:00-03:00
34686.2578,2026-02-10T00:52:00-03:00
34594.8477,2026-02-10T00:53:00-03:00
34509.2734,2026-02-10T00:54:00-03:00
34463.3242,2026-02-10T00:55:00-03:00
34407.2578,2026-02-10T00:56:00-03:00
34420.0273,2026-02-10T00:57:00-03:00
34375.15,2026-02-10T00:58:00-03:00
34340.7773,2026-02-10T00:59:00-03:00
34348.76,2026-02-10T01:00:00-03:00
34295.1563,2026-02-10T01:01:00-03:00
34164.9023,2026-02-10T01:02:00-03:00
34102.6953,2026-02-10T01:03:00-03:00
34080.082,2026-02-10T01:04:00-03:00
34148.7422,2026-02-10T01:05:00-03:00
33979.0859,2026-02-10T01:06:00-03:00
33861.27,2026-02-10T01:07:00-03:00
33806.5547,2026-02-10T01:08:00-03:00
33799.2266,2026-02-10T01:09:00-03:00
33715.043,2026-02-10T01:10:00-03:00
33630.21,2026-02-10T01:11:00-03:00
33567.14,2026-02-10T01:12:00-03:00
33483.3125,2026-02-10T01:13:00-03:00
33535.6055,2026-02-10T01:14:00-03:00
33499.1445,2026-02-10T01:15:00-03:00
33535.61,2026-02-10T01:16:00-03:00
33523.1641,2026-02-10T01:17:00-03:00
33469.2734,2026-02-10T01:18:00-03:00
33448.76,2026-02-10T01:19:00-03:00
33442.875,2026-02-10T01:20:00-03:00
33398.8242,2026-02-10T01:21:00-03:00
33304.23,2026-02-10T01:22:00-03:00
33232.9336,2026-02-10T01:23:00-03:00
33185.4453,2026-02-10T01:24:00-03:00
33258.96,2026-02-10T01:25:00-03:00
33202.89,2026-02-10T01:26:00-03:00
33196.08,2026-02-10T01:27:00-03:00
33220.4258,2026-02-10T01:28:00-03:00
33019.2148,2026-02-10T01:29:00-03:00
33072.83,2026-02-10T01:30:00-03:00
33020.7148,2026-02-10T01:31:00-03:00
32959.793,2026-02-10T01:32:00-03:00
32946.53,2026-02-10T01:33:00-03:00
32896.03,2026-02-10T01:34:00-03:00
32883.53,2026-02-10T01:35:00-03:00
32802.25,2026-02-10T01:36:00-03:00
32715.4434,2026-02-10T01:37:00-03:00
32687.8945,2026-02-10T01:38:00-03:00
32638.377,2026-02-10T01:39:00-03:00
32589.625,2026-02-10T01:40:00-03:00
32561.33,2026-02-10T01:41:00-03:00
32556.8125,2026-02-10T01:42:00-03:00
32557.98,2026-02-10T01:43:00-03:00
32499.8066,2026-02-10T01:44:00-03:00
32449.4512,2026-02-10T01:45:00-03:00
32455.418,2026-02-10T01:46:00-03:00
32358.5059,2026-02-10T01:47:00-03:00
32331.3184,2026-02-10T01:48:00-03:00
32232.47,2026-02-10T01:49:00-03:00
32135.9941,2026-02-10T01:50:00-03:00
32056.28,2026-02-10T01:51:00-03:00
32020.8066,2026-02-10T01:52:00-03:00
31996.7383,2026-02-10T01:53:00-03:00
31902.8262,2026-02-10T01:54:00-03:00
31792.7246,2026-02-10T01:55:00-03:00
31690.8457,2026-02-10T01:56:00-03:00
31692.0254,2026-02-10T01:57:00-03:00
31653.84,2026-02-10T01:58:00-03:00
31568.8965,2026-02-10T01:59:00-03:00
31536.1426,2026-02-10T02:00:00-03:00
31501.1113,2026-02-10T02:01:00-03:00
31445.3047,2026-02-10T02:02:00-03:00
31317.31,2026-02-10T02:03:00-03:00
31257.0469,2026-02-10T02:04:00-03:00
31152.2559,2026-02-10T02:05:00-03:00
31150.6387,2026-02-10T02:06:00-03:00
31219.8965,2026-02-10T02:07:00-03:00
31120.1523,2026-02-10T02:08:00-03:00
31114.8652,2026-02-10T02:09:00-03:00
31172.4512,2026-02-10T02:10:00-03:00
31002.5254,2026-02-10T02:11:00-03:00
31026.3125,2026-02-10T02:12:00-03:00
31121.8652,2026-02-10T02:13:00-03:00
31022.0547,2026-02-10T02:14:00-03:00
30958.8086,2026-02-10T02:15:00-03:00
30934.543,2026-02-10T02:16:00-03:00
30877.1875,2026-02-10T02:17:00-03:00
30782.32,2026-02-10T02:18:00-03:00
30731.1289,2026-02-10T02:19:00-03:00
30653.2617,2026-02-10T02:20:00-03:00
30616.8164,2026-02-10T02:21:00-03:00
30571.2754,2026-02-10T02:22:00-03:00
30480.5156,2026-02-10T02:23:00-03:00
30465.1484,2026-02-10T02:24:00-03:00
30424.0879,2026-02-10T02:25:00-03:00
30404.2246,2026-02-10T02:26:00-03:00
30369.4766,2026-02-10T02:27:00-03:00
30348.3477,2026-02-10T02:28:00-03:00
30334.416,2026-02-10T02:29:00-03:00
30304.4277,2026-02-10T02:30:00-03:00
30328.4922,2026-02-10T02:31:00-03:00
30278.5059,2026-02-10T02:32:00-03:00
30266.64,2026-02-10T02:33:00-03:00
30259.3516,2026-02-10T02:34:00-03:00
30272.7344,2026-02-10T02:35:00-03:00
30258.6055,2026-02-10T02:36:00-03:00
30268.21,2026-02-10T02:37:00-03:00
30256.0547,2026-02-10T02:38:00-03:00
30186.7949,2026-02-10T02:39:00-03:00
30047.2441,2026-02-10T02:40:00-03:00
29939.623,2026-02-10T02:41:00-03:00
29927.54,2026-02-10T02:42:00-03:00
29912.832,2026-02-10T02:43:00-03:00
29848.7422,2026-02-10T02:44:00-03:00
29870.5488,2026-02-10T02:45:00-03:00
29844.3574,2026-02-10T02:46:00-03:00
29826.8613,2026-02-10T02:47:00-03:00
29824.6719,2026-02-10T02:48:00-03:00
29932.3867,2026-02-10T02:49:00-03:00
29951.9922,2026-02-10T02:50:00-03:00
29926.9629,2026-02-10T02:51:00-03:00
29889.16,2026-02-10T02:52:00-03:00
29846.9355,2026-02-10T02:53:00-03:00
29777.8457,2026-02-10T02:54:00-03:00
29753.4746,2026-02-10T02:55:00-03:00
29753.2246,2026-02-10T02:56:00-03:00
29741.002,2026-02-10T02:57:00-03:00
29652.3633,2026-02-10T02:58:00-03:00
29625.98,2026-02-10T02:59:00-03:00
29560.4648,2026-02-10T03:00:00-03:00
29536.6445,2026-02-10T03:01:00-03:00
29457.7754,2026-02-10T03:02:00-03:00
29340.4688,2026-02-10T03:03:00-03:00
29318.8711,2026-02-10T03:04:00-03:00
29302.1,2026-02-10T03:05:00-03:00
29350.998,2026-02-10T03:06:00-03:00
29354.8887,2026-02-10T03:07:00-03:00
29340.58,2026-02-10T03:08:00-03:00
29411.2363,2026-02-10T03:09:00-03:00
29472.74,2026-02-10T03:10:00-03:00
29438.1758,2026-02-10T03:11:00-03:00
29348.8262,2026-02-10T03:12:00-03:00
29281.0234,2026-02-10T03:13:00-03:00
29238.87,2026-02-10T03:14:00-03:00
29305.0938,2026-02-10T03:15:00-03:00
29209.1289,2026-02-10T03:16:00-03:00
29172.63,2026-02-10T03:17:00-03:00
29163.2051,2026-02-10T03:18:00-03:00
29153.6816,2026-02-10T03:19:00-03:00
29095.6973,2026-02-10T03:20:00-03:00
29136.334,2026-02-10T03:21:00-03:00
29183.73,2026-02-10T03:22:00-03:00
29195.24,2026-02-10T03:23:00-03:00
29187.7148,2026-02-10T03:24:00-03:00
29130.1582,2026-02-10T03:25:00-03:00
29142.9824,2026-02-10T03:26:00-03:00
29114.1426,2026-02-10T03:27:00-03:00
29081.92,2026-02-10T03:28:00-03:00
29057.6113,2026-02-10T03:29:00-03:00
29016.6445,2026-02-10T03:30:00-03:00
28979.3438,2026-02-10T03:31:00-03:00
29025.4258,2026-02-10T03:32:00-03:00
29036.6426,2026-02-10T03:33:00-03:00
29089.0547,2026-02-10T03:34:00-03:00
29129.17,2026-02-10T03:35:00-03:00
29049.84,2026-02-10T03:36:00-03:00
28916.3965,2026-02-10T03:37:00-03:00
28957.666,2026-02-10T03:38:00-03:00
28991.17,2026-02-10T03:39:00-03:00
29070.7813,2026-02-10T03:40:00-03:00
29075.2832,2026-02-10T03:41:00-03:00
29101.2246,2026-02-10T03:42:00-03:00
29143.3457,2026-02-10T03:43:00-03:00
29070.4219,2026-02-10T03:44:00-03:00
28989.4316,2026-02-10T03:45:00-03:00
29044.61,2026-02-10T03:46:00-03:00
29017.0156,2026-02-10T03:47:00-03:00
28964.7656,2026-02-10T03:48:00-03:00
28987.32,2026-02-10T03:49:00-03:00
29031.13,2026-02-10T03:50:00-03:00
28951.7148,2026-02-10T03:51:00-03:00
28935.7383,2026-02-10T03:52:00-03:00
28826.6816,2026-02-10T03:53:00-03:00
28745.0,2026-02-10T03:54:00-03:00
28730.8438,2026-02-10T03:55:00-03:00
28744.998,2026-02-10T03:56:00-03:00
28840.0918,2026-02-10T03:57:00-03:00
28870.4668,2026-02-10T03:58:00-03:00
28918.084,2026-02-10T03:59:00-03:00
28935.7031,2026-02-10T04:00:00-03:00
28954.0176,2026-02-10T04:01:00-03:00
28965.8164,2026-02-10T04:02:00-03:00
28957.5742,2026-02-10T04:03:00-03:00
28976.01,2026-02-10T04:04:00-03:00
29028.9688,2026-02-10T04:05:00-03:00
29082.2988,2026-02-10T04:06:00-03:00
29030.6875,2026-02-10T04:07:00-03:00
29045.4863,2026-02-10T04:08:00-03:00
29009.19,2026-02-10T04:09:00-03:00
29140.2,2026-02-10T04:10:00-03:00
29221.9336,2026-02-10T04:11:00-03:00
29201.8574,2026-02-10T04:12:00-03:00
29220.9531,2026-02-10T04:13:00-03:00
29255.1719,2026-02-10T04:14:00-03:00
29295.4844,2026-02-10T04:15:00-03:00
29333.7324,2026-02-10T04:16:00-03:00
29332.582,2026-02-10T04:17:00-03:00
29391.7012,2026-02-10T04:18:00-03:00
29450.957,2026-02-10T04:19:00-03:00
29450.68,2026-02-10T04:20:00-03:00
29386.7988,2026-02-10T04:21:00-03:00
29404.4746,2026-02-10T04:22:00-03:00
29278.1367,2026-02-10T04:23:00-03:00
29310.4512,2026-02-10T04:24:00-03:00
29259.4141,2026-02-10T04:25:00-03:00
29299.459,2026-02-10T04:26:00-03:00
29348.8535,2026-02-10T04:27:00-03:00
29379.2129,2026-02-10T04:28:00-03:00
29398.6426,2026-02-10T04:29:00-03:00
29448.7285,2026-02-10T04:30:00-03:00
29471.45,2026-02-10T04:31:00-03:00
29473.1387,2026-02-10T04:32:00-03:00
29481.834,2026-02-10T04:33:00-03:00
29503.62,2026-02-10T04:34:00-03:00
29531.04,2026-02-10T04:35:00-03:00
29544.79,2026-02-10T04:36:00-03:00
29535.4023,2026-02-10T04:37:00-03:00
29573.4219,2026-02-10T04:38:00-03:00
29620.4316,2026-02-10T04:39:00-03:00
29544.875,2026-02-10T04:40:00-03:00
29449.7246,2026-02-10T04:41:00-03:00
29329.916,2026-02-10T04:42:00-03:00
29307.9141,2026-02-10T04:43:00-03:00
29227.9063,2026-02-10T04:44:00-03:00
29245.2656,2026-02-10T04:45:00-03:00
29214.3535,2026-02-10T04:46:00-03:00
29196.2324,2026-02-10T04:47:00-03:00
29233.2031,2026-02-10T04:48:00-03:00
29246.33,2026-02-10T04:49:00-03:00
29191.55,2026-02-10T04:50:00-03:00
29184.5781,2026-02-10T04:51:00-03:00
29185.4883,2026-02-10T04:52:00-03:00
29187.33,2026-02-10T04:53:00-03:00
29171.3418,2026-02-10T04:54:00-03:00
29218.7969,2026-02-10T04:55:00-03:00
29190.9453,2026-02-10T04:56:00-03:00
29213.3789,2026-02-10T04:57:00-03:00
29269.7852,2026-02-10T04:58:00-03:00
29273.6641,2026-02-10T04:59:00-03:00
29322.0664,2026-02-10T05:00:00-03:00
29346.25,2026-02-10T05:01:00-03:00
29359.707,2026-02-10T05:02:00-03:00
29404.4883,2026-02-10T05:03:00-03:00
29429.3613,2026-02-10T05:04:00-03:00
29435.5449,2026-02-10T05:05:00-03:00
29487.44,2026-02-10T05:06:00-03:00
29575.334,2026-02-10T05:07:00-03:00
29573.4355,2026-02-10T05:08:00-03:00
29593.2539,2026-02-10T05:09:00-03:00
29679.95,2026-02-10T05:10:00-03:00
29822.92,2026-02-10T05:11:00-03:00
29955.7637,2026-02-10T05:12:00-03:00
29918.56,2026-02-10T05:13:00-03:00
29966.3652,2026-02-10T05:14:00-03:00
29994.5156,2026-02-10T05:15:00-03:00
30073.3574,2026-02-10T05:16:00-03:00
30047.56,2026-02-10T05:17:00-03:00
30094.709,2026-02-10T05:18:00-03:00
30081.4961,2026-02-10T05:19:00-03:00
30126.7559,2026-02-10T05:20:00-03:00
30231.1387,2026-02-10T05:21:00-03:00
30183.49,2026-02-10T05:22:00-03:00
30195.4023,2026-02-10T05:23:00-03:00
30442.8281,2026-02-10T05:24:00-03:00
30505.79,2026-02-10T05:25:00-03:00
30562.3867,2026-02-10T05:26:00-03:00
30597.002,2026-02-10T05:27:00-03:00
30549.9258,2026-02-10T05:28:00-03:00
30506.9766,2026-02-10T05:29:00-03:00
30564.6758,2026-02-10T05:30:00-03:00
30524.8438,2026-02-10T05:31:00-03:00
30665.6914,2026-02-10T05:32:00-03:00
30660.0215,2026-02-10T05:33:00-03:00
30664.6953,2026-02-10T05:34:00-03:00
30792.7852,2026-02-10T05:35:00-03:00
30846.06,2026-02-10T05:36:00-03:00
30811.44,2026-02-10T05:37:00-03:00
30852.1113,2026-02-10T05:38:00-03:00
30883.832,2026-02-10T05:39:00-03:00
30888.0742,2026-02-10T05:40:00-03:00
30945.5645,2026-02-10T05:41:00-03:00
31030.18,2026-02-10T05:42:00-03:00
30973.2422,2026-02-10T05:43:00-03:00
30942.1738,2026-02-10T05:44:00-03:00
30999.0664,2026-02-10T05:45:00-03:00
30975.8,2026-02-10T05:46:00-03:00
31001.502,2026-02-10T05:47:00-03:00
30948.11,2026-02-10T05:48:00-03:00
30878.01,2026-02-10T05:49:00-03:00
30861.9473,2026-02-10T05:50:00-03:00
30824.7578,2026-02-10T05:51:00-03:00
30841.46,2026-02-10T05:52:00-03:00
30863.97,2026-02-10T05:53:00-03:00
30989.47,2026-02-10T05:54:00-03:00
30875.4766,2026-02-10T05:55:00-03:00
30747.28,2026-02-10T05:56:00-03:00
30721.2324,2026-02-10T05:57:00-03:00
30677.1289,2026-02-10T05:58:00-03:00
30676.7754,2026-02-10T05:59:00-03:00
30729.1738,2026-02-10T06:00:00-03:00
30703.8633,2026-02-10T06:01:00-03:00
30702.81,2026-02-10T06:02:00-03:00
30851.3535,2026-02-10T06:03:00-03:00
31014.3555,2026-02-10T06:04:00-03:00
31235.36,2026-02-10T06:05:00-03:00
31493.875,2026-02-10T06:06:00-03:00
31698.61,2026-02-10T06:07:00-03:00
31827.6328,2026-02-10T06:08:00-03:00
31878.4336,2026-02-10T06:09:00-03:00
31833.9961,2026-02-10T06:10:00-03:00
31835.2715,2026-02-10T06:11:00-03:00
31757.627,2026-02-10T06:12:00-03:00
31648.2363,2026-02-10T06:13:00-03:00
31553.6348,2026-02-10T06:14:00-03:00
31543.5469,2026-02-10T06:15:00-03:00
31704.1777,2026-02-10T06:16:00-03:00
31666.2246,2026-02-10T06:17:00-03:00
31639.5527,2026-02-10T06:18:00-03:00
31594.17,2026-02-10T06:19:00-03:00
31517.3789,2026-02-10T06:20:00-03:00
31381.1953,2026-02-10T06:21:00-03:00
31197.0625,2026-02-10T06:22:00-03:00
31077.67,2026-02-10T06:23:00-03:00
31069.7715,2026-02-10T06:24:00-03:00
30971.373,2026-02-10T06:25:00-03:00
31056.3438,2026-02-10T06:26:00-03:00
31039.37,2026-02-10T06:27:00-03:00
30981.2832,2026-02-10T06:28:00-03:00
30872.0664,2026-02-10T06:29:00-03:00
30760.6484,2026-02-10T06:30:00-03:00
30711.9336,2026-02-10T06:31:00-03:00
30632.0859,2026-02-10T06:32:00-03:00
30575.5078,2026-02-10T06:33:00-03:00
30565.7051,2026-02-10T06:34:00-03:00
30547.5723,2026-02-10T06:35:00-03:00
30605.043,2026-02-10T06:36:00-03:00
30625.2285,2026-02-10T06:37:00-03:00
30593.9629,2026-02-10T06:38:00-03:00
30557.5371,2026-02-10T06:39:00-03:00
30647.86,2026-02-10T06:40:00-03:00
30715.86,2026-02-10T06:41:00-03:00
30716.0117,2026-02-10T06:42:00-03:00
30753.4023,2026-02-10T06:43:00-03:00
30712.3926,2026-02-10T06:44:00-03:00
30655.418,2026-02-10T06:45:00-03:00
30580.92,2026-02-10T06:46:00-03:00
30541.15,2026-02-10T06:47:00-03:00
30499.6816,2026-02-10T06:48:00-03:00
30495.1582,2026-02-10T06:49:00-03:00
30501.1387,2026-02-10T06:50:00-03:00
30355.9082,2026-02-10T06:51:00-03:00
30227.7363,2026-02-10T06:52:00-03:00
30139.582,2026-02-10T06:53:00-03:00
29964.1445,2026-02-10T06:54:00-03:00
29884.9063,2026-02-10T06:55:00-03:00
29909.2012,2026-02-10T06:56:00-03:00
29853.5449,2026-02-10T06:57:00-03:00
29815.584,2026-02-10T06:58:00-03:00
29609.0879,2026-02-10T06:59:00-03:00
29445.1953,2026-02-10T07:00:00-03:00
29191.5566,2026-02-10T07:01:00-03:00
29100.5527,2026-02-10T07:02:00-03:00
29113.2363,2026-02-10T07:03:00-03:00
29074.0645,2026-02-10T07:04:00-03:00
29186.4238,2026-02-10T07:05:00-03:00
29164.6563,2026-02-10T07:06:00-03:00
29153.4883,2026-02-10T07:07:00-03:00
29227.6387,2026-02-10T07:08:00-03:00
29209.9668,2026-02-10T07:09:00-03:00
28995.3711,2026-02-10T07:10:00-03:00
28977.918,2026-02-10T07:11:00-03:00
28855.998,2026-02-10T07:12:00-03:00
28850.85,2026-02-10T07:13:00-03:00
28835.6973,2026-02-10T07:14:00-03:00
28800.623,2026-02-10T07:15:00-03:00
28719.9844,2026-02-10T07:16:00-03:00
28469.2871,2026-02-10T07:17:00-03:00
28457.0332,2026-02-10T07:18:00-03:00
28362.8164,2026-02-10T07:19:00-03:00
28296.51,2026-02-10T07:20:00-03:00
28205.2285,2026-02-10T07:21:00-03:00
28084.5313,2026-02-10T07:22:00-03:00
28059.29,2026-02-10T07:23:00-03:00
28034.96,2026-02-10T07:24:00-03:00
27959.8184,2026-02-10T07:25:00-03:00
27912.11,2026-02-10T07:26:00-03:00
27765.57,2026-02-10T07:27:00-03:00
27647.94,2026-02-10T07:28:00-03:00
27550.8418,2026-02-10T07:29:00-03:00
27503.8633,2026-02-10T07:30:00-03:00
27477.6074,2026-02-10T07:31:00-03:00
27474.5,2026-02-10T07:32:00-03:00
27405.4961,2026-02-10T07:33:00-03:00
27339.8,2026-02-10T07:34:00-03:00
27429.957,2026-02-10T07:35:00-03:00
27322.8652,2026-02-10T07:36:00-03:00
27275.61,2026-02-10T07:37:00-03:00
27181.9824,2026-02-10T07:38:00-03:00
27097.9785,2026-02-10T07:39:00-03:00
26999.51,2026-02-10T07:40:00-03:00
26995.3711,2026-02-10T07:41:00-03:00
26993.2949,2026-02-10T07:42:00-03:00
26913.5625,2026-02-10T07:43:00-03:00
26810.7266,2026-02-10T07:44:00-03:00
26662.4375,2026-02-10T07:45:00-03:00
26762.4375,2026-02-10T07:46:00-03:00
26681.1367,2026-02-10T07:47:00-03:00
26588.0781,2026-02-10T07:48:00-03:00
26501.168,2026-02-10T07:49:00-03:00
26359.4082,2026-02-10T07:50:00-03:00
26321.08,2026-02-10T07:51:00-03:00
26363.4141,2026-02-10T07:52:00-03:00
26328.4453,2026-02-10T07:53:00-03:00
26405.8281,2026-02-10T07:54:00-03:00
26445.459,2026-02-10T07:55:00-03:00
26434.8066,2026-02-10T07:56:00-03:00
26426.2324,2026-02-10T07:57:00-03:00
26391.9648,2026-02-10T07:58:00-03:00
26443.9824,2026-02-10T07:59:00-03:00
26458.05,2026-02-10T08:00:00-03:00
26380.625,2026-02-10T08:01:00-03:00
26408.957,2026-02-10T08:02:00-03:00
26457.7383,2026-02-10T08:03:00-03:00
26482.5957,2026-02-10T08:04:00-03:00
26607.0273,2026-02-10T08:05:00-03:00
26715.4844,2026-02-10T08:06:00-03:00
26670.82,2026-02-10T08:07:00-03:00
26583.6738,2026-02-10T08:08:00-03:00
26513.3672,2026-02-10T08:09:00-03:00
26457.1426,2026-02-10T08:10:00-03:00
26504.8828,2026-02-10T08:11:00-03:00
26486.6133,2026-02-10T08:12:00-03:00
26387.5938,2026-02-10T08:13:00-03:00
26347.6523,2026-02-10T08:14:00-03:00
26259.5039,2026-02-10T08:15:00-03:00
26241.72,2026-02-10T08:16:00-03:00
26062.7324,2026-02-10T08:17:00-03:00
26052.8516,2026-02-10T08:18:00-03:00
25911.66,2026-02-10T08:19:00-03:00
25834.5488,2026-02-10T08:20:00-03:00
25825.9375,2026-02-10T08:21:00-03:00
25812.6523,2026-02-10T08:22:00-03:00
25838.62,2026-02-10T08:23:00-03:00
25827.9063,2026-02-10T08:24:00-03:00
25803.7969,2026-02-10T08:25:00-03:00
25834.7734,2026-02-10T08:26:00-03:00
25886.1738,2026-02-10T08:27:00-03:00
25897.9922,2026-02-10T08:28:00-03:00
25814.2461,2026-02-10T08:29:00-03:00
25785.19,2026-02-10T08:30:00-03:00
25672.9961,2026-02-10T08:31:00-03:00
25533.2031,2026-02-10T08:32:00-03:00
25464.7227,2026-02-10T08:33:00-03:00
25456.64,2026-02-10T08:34:00-03:00
25441.5156,2026-02-10T08:35:00-03:00
25366.8145,2026-02-10T08:36:00-03:00
25308.5156,2026-02-10T08:37:00-03:00
25197.041,2026-02-10T08:38:00-03:00
25060.7148,2026-02-10T08:39:00-03:00
24963.4043,2026-02-10T08:40:00-03:00
24791.6074,2026-02-10T08:41:00-03:00
24664.1973,2026-02-10T08:42:00-03:00
24608.4141,2026-02-10T08:43:00-03:00
24575.7422,2026-02-10T08:44:00-03:00
24563.498,2026-02-10T08:45:00-03:00
24472.5586,2026-02-10T08:46:00-03:00
24348.4238,2026-02-10T08:47:00-03:00
24356.5977,2026-02-10T08:48:00-03:00
24252.9922,2026-02-10T08:49:00-03:00
24147.8086,2026-02-10T08:50:00-03:00
24027.69,2026-02-10T08:51:00-03:00
23951.3965,2026-02-10T08:52:00-03:00
23933.4414,2026-02-10T08:53:00-03:00
23855.1582,2026-02-10T08:54:00-03:00
23787.0117,2026-02-10T08:55:00-03:00
23678.2285,2026-02-10T08:56:00-03:00
23581.8848,2026-02-10T08:57:00-03:00
23441.4883,2026-02-10T08:58:00-03:00
23418.3633,2026-02-10T08:59:00-03:00
23498.9082,2026-02-10T09:00:00-03:00
23524.8379,2026-02-10T09:01:00-03:00
23461.7637,2026-02-10T09:02:00-03:00
23394.2168,2026-02-10T09:03:00-03:00
23265.4258,2026-02-10T09:04:00-03:00
23207.1914,2026-02-10T09:05:00-03:00
23081.4277,2026-02-10T09:06:00-03:00
22961.4453,2026-02-10T09:07:00-03:00
22921.0488,2026-02-10T09:08:00-03:00
22872.4531,2026-02-10T09:09:00-03:00
22785.7266,2026-02-10T09:10:00-03:00
22700.1484,2026-02-10T09:11:00-03:00
22720.6973,2026-02-10T09:12:00-03:00
22855.5527,2026-02-10T09:13:00-03:00
22976.8516,2026-02-10T09:14:00-03:00
22930.7871,2026-02-10T09:15:00-03:00
22859.9961,2026-02-10T09:16:00-03:00
22846.4531,2026-02-10T09:17:00-03:00
22716.53,2026-02-10T09:18:00-03:00
22652.89,2026-02-10T09:19:00-03:00
22605.4824,2026-02-10T09:20:00-03:00
22529.27,2026-02-10T09:21:00-03:00
22480.5918,2026-02-10T09:22:00-03:00
22387.6836,2026-02-10T09:23:00-03:00
22355.7813,2026-02-10T09:24:00-03:00
22355.9629,2026-02-10T09:25:00-03:00
22327.541,2026-02-10T09:26:00-03:00
22236.9023,2026-02-10T09:27:00-03:00
22181.6016,2026-02-10T09:28:00-03:00
22106.8047,2026-02-10T09:29:00-03:00
22176.582,2026-02-10T09:30:00-03:00
22296.3652,2026-02-10T09:31:00-03:00
22401.2578,2026-02-10T09:32:00-03:00
22336.4648,2026-02-10T09:33:00-03:00
22350.0938,2026-02-10T09:34:00-03:00
22385.8164,2026-02-10T09:35:00-03:00
22405.89,2026-02-10T09:36:00-03:00
22357.0117,2026-02-10T09:37:00-03:00
22454.0039,2026-02-10T09:38:00-03:00
22378.23,2026-02-10T09:39:00-03:00
22383.7578,2026-02-10T09:40:00-03:00
22442.09,2026-02-10T09:41:00-03:00
22361.72,2026-02-10T09:42:00-03:00
22265.709,2026-02-10T09:43:00-03:00
22210.4668,2026-02-10T09:44:00-03:00
22206.33,2026-02-10T09:45:00-03:00
22245.0371,2026-02-10T09:46:00-03:00
21970.4629,2026-02-10T09:47:00-03:00
21820.2734,2026-02-10T09:48:00-03:00
21873.7813,2026-02-10T09:49:00-03:00
21882.4023,2026-02-10T09:50:00-03:00
21892.6523,2026-02-10T09:51:00-03:00
21930.4844,2026-02-10T09:52:00-03:00
21964.02,2026-02-10T09:53:00-03:00
22031.5547,2026-02-10T09:54:00-03:00
21906.6484,2026-02-10T09:55:00-03:00
21870.4785,2026-02-10T09:56:00-03:00
21869.6445,2026-02-10T09:57:00-03:00
21895.61,2026-02-10T09:58:00-03:00
21844.1348,2026-02-10T09:59:00-03:00
21787.5234,2026-02-10T10:00:00-03:00
21822.0,2026-02-10T10:01:00-03:00
21877.957,2026-02-10T10:02:00-03:00
21896.3535,2026-02-10T10:03:00-03:00
21949.0313,2026-02-10T10:04:00-03:00
21933.2656,2026-02-10T10:05:00-03:00
21895.1367,2026-02-10T10:06:00-03:00
21960.7227,2026-02-10T10:07:00-03:00
22078.7773,2026-02-10T10:08:00-03:00
22178.125,2026-02-10T10:09:00-03:00
22206.8066,2026-02-10T10:10:00-03:00
22382.7871,2026-02-10T10:11:00-03:00
22490.4434,2026-02-10T10:12:00-03:00
22484.0723,2026-02-10T10:13:00-03:00
22501.168,2026-02-10T10:14:00-03:00
22474.4121,2026-02-10T10:15:00-03:00
22558.9863,2026-02-10T10:16:00-03:00
22505.9121,2026-02-10T10:17:00-03:00
22404.8789,2026-02-10T10:18:00-03:00
22307.1484,2026-02-10T10:19:00-03:00
22204.2441,2026-02-10T10:20:00-03:00
22187.6289,2026-02-10T10:21:00-03:00
22093.5156,2026-02-10T10:22:00-03:00
22064.8,2026-02-10T10:23:00-03:00
22030.293,2026-02-10T10:24:00-03:00
22048.21,2026-02-10T10:25:00-03:00
22143.043,2026-02-10T10:26:00-03:00
22170.8672,2026-02-10T10:27:00-03:00
22187.3027,2026-02-10T10:28:00-03:00
22225.9824,2026-02-10T10:29:00-03:00
22225.56,2026-02-10T10:30:00-03:00
22301.2363,2026-02-10T10:31:00-03:00
22302.93,2026-02-10T10:32:00-03:00
22267.67,2026-02-10T10:33:00-03:00
22338.8477,2026-02-10T10:34:00-03:00
22503.1133,2026-02-10T10:35:00-03:00
22544.9727,2026-02-10T10:36:00-03:00
22390.67,2026-02-10T10:37:00-03:00
22375.6289,2026-02-10T10:38:00-03:00
22366.6113,2026-02-10T10:39:00-03:00
22374.6465,2026-02-10T10:40:00-03:00
22488.416,2026-02-10T10:41:00-03:00
22478.49,2026-02-10T10:42:00-03:00
22446.127,2026-02-10T10:43:00-03:00
22349.209,2026-02-10T10:44:00-03:00
22291.21,2026-02-10T10:45:00-03:00
22310.3418,2026-02-10T10:46:00-03:00
22218.48,2026-02-10T10:47:00-03:00
22154.8125,2026-02-10T10:48:00-03:00
22101.1738,2026-02-10T10:49:00-03:00
21950.2051,2026-02-10T10:50:00-03:00
21866.7734,2026-02-10T10:51:00-03:00
21900.0586,2026-02-10T10:52:00-03:00
21930.4141,2026-02-10T10:53:00-03:00
21878.3262,2026-02-10T10:54:00-03:00
21951.8926,2026-02-10T10:55:00-03:00
21891.5625,2026-02-10T10:56:00-03:00
22012.9922,2026-02-10T10:57:00-03:00
22306.418,2026-02-10T10:58:00-03:00
22396.39,2026-02-10T10:59:00-03:00
22359.95,2026-02-10T11:00:00-03:00
22342.0723,2026-02-10T11:01:00-03:00
22245.9355,2026-02-10T11:02:00-03:00
22227.5879,2026-02-10T11:03:00-03:00
22131.6348,2026-02-10T11:04:00-03:00
22127.4863,2026-02-10T11:05:00-03:00
22131.0117,2026-02-10T11:06:00-03:00
22051.8555,2026-02-10T11:07:00-03:00
22006.9023,2026-02-10T11:08:00-03:00
21809.8516,2026-02-10T11:09:00-03:00
21769.37,2026-02-10T11:10:00-03:00
21870.5176,2026-02-10T11:11:00-03:00
22056.3027,2026-02-10T11:12:00-03:00
22064.0566,2026-02-10T11:13:00-03:00
22035.6445,2026-02-10T11:14:00-03:00
22031.6953,2026-02-10T11:15:00-03:00
22091.36,2026-02-10T11:16:00-03:00
22092.09,2026-02-10T11:17:00-03:00
22020.9355,2026-02-10T11:18:00-03:00
21957.9316,2026-02-10T11:19:00-03:00
21986.38,2026-02-10T11:20:00-03:00
22003.6914,2026-02-10T11:21:00-03:00
21944.3945,2026-02-10T11:22:00-03:00
21962.7012,2026-02-10T11:23:00-03:00
21872.5527,2026-02-10T11:24:00-03:00
21842.8848,2026-02-10T11:25:00-03:00
21708.21,2026-02-10T11:26:00-03:00
21603.6934,2026-02-10T11:27:00-03:00
21600.3848,2026-02-10T11:28:00-03:00
21540.6641,2026-02-10T11:29:00-03:00
21554.7441,2026-02-10T11:30:00-03:00
21616.5781,2026-02-10T11:31:00-03:00
21620.5117,2026-02-10T11:32:00-03:00
21671.71,2026-02-10T11:33:00-03:00
21742.9824,2026-02-10T11:34:00-03:00
21688.6777,2026-02-10T11:35:00-03:00
21812.2754,2026-02-10T11:36:00-03:00
21805.7852,2026-02-10T11:37:00-03:00
21905.5918,2026-02-10T11:38:00-03:00
21981.17,2026-02-10T11:39:00-03:00
22017.7324,2026-02-10T11:40:00-03:00
22067.51,2026-02-10T11:41:00-03:00
22184.9629,2026-02-10T11:42:00-03:00
22242.77,2026-02-10T11:43:00-03:00
22227.7422,2026-02-10T11:44:00-03:00
22223.7813,2026-02-10T11:45:00-03:00
22201.4043,2026-02-10T11:46:00-03:00
22109.1816,2026-02-10T11:47:00-03:00
22101.2871,2026-02-10T11:48:00-03:00
22066.6328,2026-02-10T11:49:00-03:00
21986.48,2026-02-10T11:50:00-03:00
21802.502,2026-02-10T11:51:00-03:00
21746.543,2026-02-10T11:52:00-03:00
21698.1621,2026-02-10T11:53:00-03:00
21748.03,2026-02-10T11:54:00-03:00
21720.4941,2026-02-10T11:55:00-03:00
21870.8164,2026-02-10T11:56:00-03:00
22003.2988,2026-02-10T11:57:00-03:00
21953.2949,2026-02-10T11:58:00-03:00
21934.7949,2026-02-10T11:59:00-03:00
21835.4844,2026-02-10T12:00:00-03:00
21746.793,2026-02-10T12:01:00-03:00
21652.334,2026-02-10T12:02:00-03:00
21611.998,2026-02-10T12:03:00-03:00
21529.375,2026-02-10T12:04:00-03:00
21507.4531,2026-02-10T12:05:00-03:00
21506.166,2026-02-10T12:06:00-03:00
21456.3438,2026-02-10T12:07:00-03:00
21389.32,2026-02-10T12:08:00-03:00
21351.9922,2026-02-10T12:09:00-03:00
21293.9922,2026-02-10T12:10:00-03:00
21294.47,2026-02-10T12:11:00-03:00
21337.875,2026-02-10T12:12:00-03:00
21350.4355,2026-02-10T12:13:00-03:00
21321.5156,2026-02-10T12:14:00-03:00
21271.3145,2026-02-10T12:15:00-03:00
21299.3145,2026-02-10T12:16:00-03:00
21307.41,2026-02-10T12:17:00-03:00
21283.5742,2026-02-10T12:18:00-03:00
21237.6035,2026-02-10T12:19:00-03:00
21220.59,2026-02-10T12:20:00-03:00
21204.8711,2026-02-10T12:21:00-03:00
21190.041,2026-02-10T12:22:00-03:00
21210.5957,2026-02-10T12:23:00-03:00
21237.1777,2026-02-10T12:24:00-03:00
21304.9648,2026-02-10T12:25:00-03:00
21262.5215,2026-02-10T12:26:00-03:00
21207.709,2026-02-10T12:27:00-03:00
21184.8887,2026-02-10T12:28:00-03:00
21247.22,2026-02-10T12:29:00-03:00
21219.6855,2026-02-10T12:30:00-03:00
21205.291,2026-02-10T12:31:00-03:00
21254.6484,2026-02-10T12:32:00-03:00
21276.8789,2026-02-10T12:33:00-03:00
21308.2715,2026-02-10T12:34:00-03:00
21370.03,2026-02-10T12:35:00-03:00
21379.084,2026-02-10T12:36:00-03:00
21372.2324,2026-02-10T12:37:00-03:00
21356.08,2026-02-10T12:38:00-03:00
21412.3281,2026-02-10T12:39:00-03:00
21435.3984,2026-02-10T12:40:00-03:00
21431.6914,2026-02-10T12:41:00-03:00
21515.8926,2026-02-10T12:42:00-03:00
21612.5664,2026-02-10T12:43:00-03:00
21751.96,2026-02-10T12:44:00-03:00
21794.63,2026-02-10T12:45:00-03:00
21836.9,2026-02-10T12:46:00-03:00
21935.2012,2026-02-10T12:47:00-03:00
21917.1035,2026-02-10T12:48:00-03:00
21930.6836,2026-02-10T12:49:00-03:00
21909.1543,2026-02-10T12:50:00-03:00
22017.5645,2026-02-10T12:51:00-03:00
22138.9629,2026-02-10T12:52:00-03:00
22055.127,2026-02-10T12:53:00-03:00
21945.832,2026-02-10T12:54:00-03:00
22035.72,2026-02-10T12:55:00-03:00
22059.5156,2026-02-10T12:56:00-03:00
22037.3516,2026-02-10T12:57:00-03:00
22120.2852,2026-02-10T12:58:00-03:00
22297.4551,2026-02-10T12:59:00-03:00
22395.3848,2026-02-10T13:00:00-03:00
22645.4785,2026-02-10T13:01:00-03:00
22707.4844,2026-02-10T13:02:00-03:00
22874.959,2026-02-10T13:03:00-03:00
23048.9238,2026-02-10T13:04:00-03:00
23180.6777,2026-02-10T13:05:00-03:00
23301.3789,2026-02-10T13:06:00-03:00
23395.6348,2026-02-10T13:07:00-03:00
23466.8633,2026-02-10T13:08:00-03:00
23486.4648,2026-02-10T13:09:00-03:00
23454.8516,2026-02-10T13:10:00-03:00
23573.832,2026-02-10T13:11:00-03:00
23687.5059,2026-02-10T13:12:00-03:00
23667.23,2026-02-10T13:13:00-03:00
23790.293,2026-02-10T13:14:00-03:00
24024.9629,2026-02-10T13:15:00-03:00
24172.0625,2026-02-10T13:16:00-03:00
24245.6934,2026-02-10T13:17:00-03:00
24240.36,2026-02-10T13:18:00-03:00
24222.3672,2026-02-10T13:19:00-03:00
24331.73,2026-02-10T13:20:00-03:00
24429.5742,2026-02-10T13:21:00-03:00
24493.43,2026-02-10T13:22:00-03:00
24602.4551,2026-02-10T13:23:00-03:00
24741.6836,2026-02-10T13:24:00-03:00
24873.2383,2026-02-10T13:25:00-03:00
24947.2324,2026-02-10T13:26:00-03:00
25085.25,2026-02-10T13:27:00-03:00
25189.4746,2026-02-10T13:28:00-03:00
25278.5313,2026-02-10T13:29:00-03:00
25273.5078,2026-02-10T13:30:00-03:00
25267.875,2026-02-10T13:31:00-03:00
25350.459,2026-02-10T13:32:00-03:00
25604.0059,2026-02-10T13:33:00-03:00
25675.9219,2026-02-10T13:34:00-03:00
25718.1035,2026-02-10T13:35:00-03:00
25665.8672,2026-02-10T13:36:00-03:00
25490.7734,2026-02-10T13:37:00-03:00
25506.2168,2026-02-10T13:38:00-03:00
25470.9551,2026-02-10T13:39:00-03:00
25363.8516,2026-02-10T13:40:00-03:00
25453.03,2026-02-10T13:41:00-03:00
25588.0957,2026-02-10T13:42:00-03:00
25670.6543,2026-02-10T13:43:00-03:00
25711.7266,2026-02-10T13:44:00-03:00
25757.7539,2026-02-10T13:45:00-03:00
25791.9961,2026-02-10T13:46:00-03:00
25919.9629,2026-02-10T13:47:00-03:00
26098.4746,2026-02-10T13:48:00-03:00
26223.877,2026-02-10T13:49:00-03:00
26092.6387,2026-02-10T13:50:00-03:00
26155.81,2026-02-10T13:51:00-03:00
26200.04,2026-02-10T13:52:00-03:00
26287.7559,2026-02-10T13:53:00-03:00
26399.4648,2026-02-10T13:54:00-03:00
26434.3164,2026-02-10T13:55:00-03:00
26444.1035,2026-02-10T13:56:00-03:00
26488.0527,2026-02-10T13:57:00-03:00
26571.2168,2026-02-10T13:58:00-03:00
26600.37,2026-02-10T13:59:00-03:00
26572.9766,2026-02-10T14:00:00-03:00
26609.1836,2026-02-10T14:01:00-03:00
26667.5352,2026-02-10T14:02:00-03:00
26716.9551,2026-02-10T14:03:00-03:00
26873.0918,2026-02-10T14:04:00-03:00
26953.7578,2026-02-10T14:05:00-03:00
26991.498,2026-02-10T14:06:00-03:00
27075.541,2026-02-10T14:07:00-03:00
27141.67,2026-02-10T14:08:00-03:00
27270.2246,2026-02-10T14:09:00-03:00
27327.65,2026-02-10T14:10:00-03:00
27276.7871,2026-02-10T14:11:00-03:00
27305.5625,2026-02-10T14:12:00-03:00
27326.09,2026-02-10T14:13:00-03:00
27342.72,2026-02-10T14:14:00-03:00
27382.1621,2026-02-10T14:15:00-03:00
27497.69,2026-02-10T14:16:00-03:00
27478.38,2026-02-10T14:17:00-03:00
27583.4844,2026-02-10T14:18:00-03:00
27721.0742,2026-02-10T14:19:00-03:00
27836.5039,2026-02-10T14:20:00-03:00
27904.3,2026-02-10T14:21:00-03:00
28153.7539,2026-02-10T14:22:00-03:00
28317.6953,2026-02-10T14:23:00-03:00
28383.6348,2026-02-10T14:24:00-03:00
28688.1973,2026-02-10T14:25:00-03:00
28889.5234,2026-02-10T14:26:00-03:00
29018.69,2026-02-10T14:27:00-03:00
29140.7383,2026-02-10T14:28:00-03:00
29163.5742,2026-02-10T14:29:00-03:00
29112.4,2026-02-10T14:30:00-03:00
29133.7012,2026-02-10T14:31:00-03:00
29166.5859,2026-02-10T14:32:00-03:00
29012.3086,2026-02-10T14:33:00-03:00
29102.3066,2026-02-10T14:34:00-03:00
29163.2773,2026-02-10T14:35:00-03:00
29180.0234,2026-02-10T14:36:00-03:00
29265.2324,2026-02-10T14:37:00-03:00
29261.66,2026-02-10T14:38:00-03:00
29367.5879,2026-02-10T14:39:00-03:00
29500.4668,2026-02-10T14:40:00-03:00
29521.0957,2026-02-10T14:41:00-03:00
29538.0469,2026-02-10T14:42:00-03:00
29538.3887,2026-02-10T14:43:00-03:00
29562.4727,2026-02-10T14:44:00-03:00
29764.12,2026-02-10T14:45:00-03:00
29966.0742,2026-02-10T14:46:00-03:00
29999.9766,2026-02-10T14:47:00-03:00
30003.9766,2026-02-10T14:48:00-03:00
30043.498,2026-02-10T14:49:00-03:00
30157.6719,2026-02-10T14:50:00-03:00
30318.2344,2026-02-10T14:51:00-03:00
30396.1934,2026-02-10T14:52:00-03:00
30507.8359,2026-02-10T14:53:00-03:00
30518.6816,2026-02-10T14:54:00-03:00
30515.3887,2026-02-10T14:55:00-03:00
30615.832,2026-02-10T14:56:00-03:00
30605.9277,2026-02-10T14:57:00-03:00
30593.0,2026-02-10T14:58:00-03:00
30703.0879,2026-02-10T14:59:00-03:00
30610.1758,2026-02-10T15:00:00-03:00
30650.18,2026-02-10T15:01:00-03:00
30541.12,2026-02-10T15:02:00-03:00
30696.4453,2026-02-10T15:03:00-03:00
30858.1445,2026-02-10T15:04:00-03:00
31023.209,2026-02-10T15:05:00-03:00
31106.748,2026-02-10T15:06:00-03:00
31119.1133,2026-02-10T15:07:00-03:00
31019.9453,2026-02-10T15:08:00-03:00
30835.6465,2026-02-10T15:09:00-03:00
30619.7871,2026-02-10T15:10:00-03:00
30548.21,2026-02-10T15:11:00-03:00
30626.7031,2026-02-10T15:12:00-03:00
30837.8145,2026-02-10T15:13:00-03:00
30924.0469,2026-02-10T15:14:00-03:00
30874.168,2026-02-10T15:15:00-03:00
30815.0566,2026-02-10T15:16:00-03:00
30748.4531,2026-02-10T15:17:00-03:00
30814.6836,2026-02-10T15:18:00-03:00
30648.4238,2026-02-10T15:19:00-03:00
30514.2852,2026-02-10T15:20:00-03:00
30425.82,2026-02-10T15:21:00-03:00
30448.668,2026-02-10T15:22:00-03:00
30361.084,2026-02-10T15:23:00-03:00
30368.64,2026-02-10T15:24:00-03:00
30399.4,2026-02-10T15:25:00-03:00
30483.918,2026-02-10T15:26:00-03:00
30555.82,2026-02-10T15:27:00-03:00
30398.01,2026-02-10T15:28:00-03:00
30470.1211,2026-02-10T15:29:00-03:00
30527.3086,2026-02-10T15:30:00-03:00
30457.56,2026-02-10T15:31:00-03:00
30505.8086,2026-02-10T15:32:00-03:00
30621.53,2026-02-10T15:33:00-03:00
30840.082,2026-02-10T15:34:00-03:00
30910.2383,2026-02-10T15:35:00-03:00
30971.2559,2026-02-10T15:36:00-03:00
31124.8359,2026-02-10T15:37:00-03:00
31290.8828,2026-02-10T15:38:00-03:00
31402.877,2026-02-10T15:39:00-03:00
31595.1465,2026-02-10T15:40:00-03:00
31758.2539,2026-02-10T15:41:00-03:00
31726.14,2026-02-10T15:42:00-03:00
31650.1836,2026-02-10T15:43:00-03:00
31459.3672,2026-02-10T15:44:00-03:00
31418.4023,2026-02-10T15:45:00-03:00
31560.93,2026-02-10T15:46:00-03:00
31716.81,2026-02-10T15:47:00-03:00
31797.24,2026-02-10T15:48:00-03:00
31954.0215,2026-02-10T15:49:00-03:00
31989.3711,2026-02-10T15:50:00-03:00
32159.3555,2026-02-10T15:51:00-03:00
32159.1,2026-02-10T15:52:00-03:00
32087.043,2026-02-10T15:53:00-03:00
32077.5273,2026-02-10T15:54:00-03:00
31973.13,2026-02-10T15:55:00-03:00
32171.1348,2026-02-10T15:56:00-03:00
32342.08,2026-02-10T15:57:00-03:00
32435.8867,2026-02-10T15:58:00-03:00
32499.3281,2026-02-10T15:59:00-03:00
32401.1758,2026-02-10T16:00:00-03:00
32338.8,2026-02-10T16:01:00-03:00
32540.332,2026-02-10T16:02:00-03:00
32740.5488,2026-02-10T16:03:00-03:00
32898.9648,2026-02-10T16:04:00-03:00
33045.84,2026-02-10T16:05:00-03:00
33203.3867,2026-02-10T16:06:00-03:00
33273.9844,2026-02-10T16:07:00-03:00
33387.6367,2026-02-10T16:08:00-03:00
33585.84,2026-02-10T16:09:00-03:00
33585.5742,2026-02-10T16:10:00-03:00
33558.793,2026-02-10T16:11:00-03:00
33662.02,2026-02-10T16:12:00-03:00
33701.0,2026-02-10T16:13:00-03:00
33770.08,2026-02-10T16:14:00-03:00
33844.2578,2026-02-10T16:15:00-03:00
33889.53,2026-02-10T16:16:00-03:00
33961.0156,2026-02-10T16:17:00-03:00
33957.4727,2026-02-10T16:18:00-03:00
34012.83,2026-02-10T16:19:00-03:00
34077.6641,2026-02-10T16:20:00-03:00
34261.1641,2026-02-10T16:21:00-03:00
34564.4336,2026-02-10T16:22:00-03:00
34657.9766,2026-02-10T16:23:00-03:00
34747.4141,2026-02-10T16:24:00-03:00
34760.35,2026-02-10T16:25:00-03:00
34815.78,2026-02-10T16:26:00-03:00
35047.6875,2026-02-10T16:27:00-03:00
35166.5664,2026-02-10T16:28:00-03:00
35062.793,2026-02-10T16:29:00-03:00
35050.2852,2026-02-10T16:30:00-03:00
35204.57,2026-02-10T16:31:00-03:00
35265.27,2026-02-10T16:32:00-03:00
35232.37,2026-02-10T16:33:00-03:00
35198.1,2026-02-10T16:34:00-03:00
35205.5352,2026-02-10T16:35:00-03:00
35311.1172,2026-02-10T16:36:00-03:00
35358.62,2026-02-10T16:37:00-03:00
35248.2734,2026-02-10T16:38:00-03:00
35148.5,2026-02-10T16:39:00-03:00
35250.2031,2026-02-10T16:40:00-03:00
35501.9961,2026-02-10T16:41:00-03:00
35661.35,2026-02-10T16:42:00-03:00
35543.6133,2026-02-10T16:43:00-03:00
35437.7227,2026-02-10T16:44:00-03:00
35438.15,2026-02-10T16:45:00-03:00
35631.61,2026-02-10T16:46:00-03:00
35843.1875,2026-02-10T16:47:00-03:00
35906.0977,2026-02-10T16:48:00-03:00
36060.543,2026-02-10T16:49:00-03:00
36373.6328,2026-02-10T16:50:00-03:00
36432.2344,2026-02-10T16:51:00-03:00
36543.85,2026-02-10T16:52:00-03:00
36705.8125,2026-02-10T16:53:00-03:00
36819.6836,2026-02-10T16:54:00-03:00
36835.7344,2026-02-10T16:55:00-03:00
37013.5859,2026-02-10T16:56:00-03:00
37064.26,2026-02-10T16:57:00-03:00
37161.29,2026-02-10T16:58:00-03:00
37100.34,2026-02-10T16:59:00-03:00
37087.5664,2026-02-10T17:00:00-03:00
36933.74,2026-02-10T17:01:00-03:00
36839.6523,2026-02-10T17:02:00-03:00
36764.43,2026-02-10T17:03:00-03:00
36594.2578,2026-02-10T17:04:00-03:00
36767.04,2026-02-10T17:05:00-03:00
36956.1758,2026-02-10T17:06:00-03:00
37045.21,2026-02-10T17:07:00-03:00
37192.81,2026-02-10T17:08:00-03:00
37283.43,2026-02-10T17:09:00-03:00
37350.23,2026-02-10T17:10:00-03:00
37460.3633,2026-02-10T17:11:00-03:00
37617.44,2026-02-10T17:12:00-03:00
37643.4766,2026-02-10T17:13:00-03:00
37755.1641,2026-02-10T17:14:00-03:00
37858.52,2026-02-10T17:15:00-03:00
37921.4141,2026-02-10T17:16:00-03:00
38048.01,2026-02-10T17:17:00-03:00
38126.41,2026-02-10T17:18:00-03:00
38251.4336,2026-02-10T17:19:00-03:00
38414.23,2026-02-10T17:20:00-03:00
38476.1133,2026-02-10T17:21:00-03:00
38671.98,2026-02-10T17:22:00-03:00
38788.18,2026-02-10T17:23:00-03:00
38896.53,2026-02-10T17:24:00-03:00
39014.63,2026-02-10T17:25:00-03:00
38999.19,2026-02-10T17:26:00-03:00
38757.6445,2026-02-10T17:27:00-03:00
38681.63,2026-02-10T17:28:00-03:00
38710.4336,2026-02-10T17:29:00-03:00
38784.1328,2026-02-10T17:30:00-03:00
38909.73,2026-02-10T17:31:00-03:00
39062.23,2026-02-10T17:32:00-03:00
39157.2734,2026-02-10T17:33:00-03:00
39161.1133,2026-02-10T17:34:00-03:00
39223.1641,2026-02-10T17:35:00-03:00
39266.23,2026-02-10T17:36:00-03:00
39196.2734,2026-02-10T17:37:00-03:00
39075.08,2026-02-10T17:38:00-03:00
38856.25,2026-02-10T17:39:00-03:00
38859.1367,2026-02-10T17:40:00-03:00
38939.8,2026-02-10T17:41:00-03:00
39089.332,2026-02-10T17:42:00-03:00
39089.1836,2026-02-10T17:43:00-03:00
39075.3477,2026-02-10T17:44:00-03:00
39185.7578,2026-02-10T17:45:00-03:00
