id_subsistema;nom_subsistema;ear_data;ear_max_subsistema;ear_verif_subsistema_mwmes;ear_verif_subsistema_percentual
NE;NORDESTE;2026-01-01;51691.226;23746.684;45.9395
N;NORTE;2026-01-01;15302.396;8377.915;54.749
SE;SUDESTE;2026-01-01;204615.328;86248.982;42.1518
S;SUL;2026-01-01;20459.242;14727.355;71.9839
NE;NORDESTE;2026-01-02;51691.226;23787.557;46.0186
N;NORTE;2026-01-02;15302.396;8377.862;54.7487
SE;SUDESTE;2026-01-02;204615.328;86314.413;42.1837
S;SUL;2026-01-02;20459.242;14787.007;72.2754
NE;NORDESTE;2026-01-03;51691.226;23832.24;46.105
N;NORTE;2026-01-03;15302.396;8393.611;54.8516
SE;SUDESTE;2026-01-03;204615.328;86337.887;42.1952
S;SUL;2026-01-03;20459.242;14800.683;72.3423
NE;NORDESTE;2026-01-04;51691.226;23894.903;46.2262
N;NORTE;2026-01-04;15302.396;8414.213;54.9862
SE;SUDESTE;2026-01-04;204615.328;86781.445;42.412
S;SUL;2026-01-04;20459.242;14783.314;72.2574
NE;NORDESTE;2026-01-05;51691.226;23997.602;46.4249
N;NORTE;2026-01-05;15302.396;8458.175;55.2735
SE;SUDESTE;2026-01-05;204615.328;87237.189;42.6347
S;SUL;2026-01-05;20459.242;14663.479;71.6717
NE;NORDESTE;2026-01-06;51691.226;24071.362;46.5676
N;NORTE;2026-01-06;15302.396;8454.764;55.2512
SE;SUDESTE;2026-01-06;204615.328;87552.826;42.789
S;SUL;2026-01-06;20459.242;14547.371;71.1042
NE;NORDESTE;2026-01-07;51691.226;24151.074;46.7218
N;NORTE;2026-01-07;15302.396;8432.913;55.1084
SE;SUDESTE;2026-01-07;204615.328;87723.997;42.8726
S;SUL;2026-01-07;20459.242;14456.088;70.658
NE;NORDESTE;2026-01-08;51691.226;24220.352;46.8558
N;NORTE;2026-01-08;15302.396;8445.649;55.1917
SE;SUDESTE;2026-01-08;204615.328;87806.835;42.9131
S;SUL;2026-01-08;20459.242;14324.526;70.0149
NE;NORDESTE;2026-01-09;51691.226;24262.425;46.9372
N;NORTE;2026-01-09;15302.396;8452.764;55.2382
SE;SUDESTE;2026-01-09;204615.328;87785.74;42.9028
S;SUL;2026-01-09;20459.242;14200.581;69.4091
NE;NORDESTE;2026-01-10;51691.226;24283.945;46.9789
N;NORTE;2026-01-10;15302.396;8497.395;55.5298
SE;SUDESTE;2026-01-10;204615.328;87882.01;42.9499
S;SUL;2026-01-10;20459.242;14235.974;69.5821
NE;NORDESTE;2026-01-11;51691.226;24287.09;46.9849
N;NORTE;2026-01-11;15302.396;8516.726;55.6562
SE;SUDESTE;2026-01-11;204615.328;87949.9;42.983
S;SUL;2026-01-11;20459.242;14278.979;69.7923
NE;NORDESTE;2026-01-12;51691.226;24279.309;46.9699
N;NORTE;2026-01-12;15302.396;8522.283;55.6925
SE;SUDESTE;2026-01-12;204615.328;87758.978;42.8897
S;SUL;2026-01-12;20459.242;14207.547;69.4432
NE;NORDESTE;2026-01-13;51691.226;24283.147;46.9773
N;NORTE;2026-01-13;15302.396;8543.376;55.8303
SE;SUDESTE;2026-01-13;204615.328;87726.871;42.874
S;SUL;2026-01-13;20459.242;14086.605;68.852
NE;NORDESTE;2026-01-14;51691.226;24322.698;47.0538
N;NORTE;2026-01-14;15302.396;8561.793;55.9507
SE;SUDESTE;2026-01-14;204615.328;87753.147;42.8869
S;SUL;2026-01-14;20459.242;13981.839;68.34
NE;NORDESTE;2026-01-15;51691.226;24358.357;47.1228
N;NORTE;2026-01-15;15302.396;8565.206;55.973
SE;SUDESTE;2026-01-15;204615.328;87811.81;42.9156
S;SUL;2026-01-15;20459.242;13863.203;67.7601
NE;NORDESTE;2026-01-16;51691.226;24423.478;47.2488
N;NORTE;2026-01-16;15302.396;8575.947;56.0432
SE;SUDESTE;2026-01-16;204615.328;87845.792;42.9322
S;SUL;2026-01-16;20459.242;13718.021;67.0505
NE;NORDESTE;2026-01-17;51691.226;24496.177;47.3894
N;NORTE;2026-01-17;15302.396;8569.785;56.0029
SE;SUDESTE;2026-01-17;204615.328;88002.681;43.0088
S;SUL;2026-01-17;20459.242;13657.433;66.7543
NE;NORDESTE;2026-01-18;51691.226;24578.258;47.5482
N;NORTE;2026-01-18;15302.396;8569.303;55.9997
SE;SUDESTE;2026-01-18;204615.328;88297.079;43.1527
S;SUL;2026-01-18;20459.242;13647.491;66.7058
NE;NORDESTE;2026-01-19;51691.226;24661.867;47.71
N;NORTE;2026-01-19;15302.396;8556.442;55.9157
SE;SUDESTE;2026-01-19;204615.328;88516.072;43.2597
S;SUL;2026-01-19;20459.242;13544.337;66.2016
NE;NORDESTE;2026-01-20;51691.226;24844.709;48.0637
N;NORTE;2026-01-20;15302.396;8537.817;55.794
SE;SUDESTE;2026-01-20;204615.328;88943.672;43.4687
S;SUL;2026-01-20;20459.242;13455.127;65.7655
NE;NORDESTE;2026-01-21;51691.226;25155.17;48.6643
N;NORTE;2026-01-21;15302.396;8555.408;55.9089
SE;SUDESTE;2026-01-21;204615.328;89395.781;43.6897
S;SUL;2026-01-21;20459.242;13345.183;65.2281
NE;NORDESTE;2026-01-22;51691.226;25593.777;49.5128
N;NORTE;2026-01-22;15302.396;8626.493;56.3735
SE;SUDESTE;2026-01-22;204615.328;90049.081;44.009
S;SUL;2026-01-22;20459.242;13291.549;64.966
NE;NORDESTE;2026-01-23;51691.226;26021.733;50.3407
N;NORTE;2026-01-23;15302.396;8723.402;57.0068
SE;SUDESTE;2026-01-23;204615.328;90799.082;44.3755
S;SUL;2026-01-23;20459.242;13249.868;64.7623
NE;NORDESTE;2026-01-24;51691.226;26359.742;50.9946
N;NORTE;2026-01-24;15302.396;8817.739;57.6233
SE;SUDESTE;2026-01-24;204615.328;91686.543;44.8092
S;SUL;2026-01-24;20459.242;13199.946;64.5183
NE;NORDESTE;2026-01-25;51691.226;26602.329;51.4639
N;NORTE;2026-01-25;15302.396;8876.186;58.0052
SE;SUDESTE;2026-01-25;204615.328;92846.467;45.3761
S;SUL;2026-01-25;20459.242;13171.649;64.3799
NE;NORDESTE;2026-01-26;51691.226;26811.024;51.8676
N;NORTE;2026-01-26;15302.396;8898.006;58.1478
SE;SUDESTE;2026-01-26;204615.328;93680.53;45.7837
S;SUL;2026-01-26;20459.242;13027.735;63.6765
NE;NORDESTE;2026-01-27;51691.226;27012.055;52.2566
N;NORTE;2026-01-27;15302.396;8954.559;58.5174
SE;SUDESTE;2026-01-27;204615.328;94425.115;46.1476
S;SUL;2026-01-27;20459.242;12787.937;62.5045
NE;NORDESTE;2026-01-28;51691.226;27196.677;52.6137
N;NORTE;2026-01-28;15302.396;8994.435;58.778
SE;SUDESTE;2026-01-28;204615.328;94923.278;46.3911
S;SUL;2026-01-28;20459.242;12565.036;61.415
NE;NORDESTE;2026-01-29;51691.226;27333.34;52.8781
N;NORTE;2026-01-29;15302.396;9019.449;58.9414
SE;SUDESTE;2026-01-29;204615.328;95465.004;46.6558
S;SUL;2026-01-29;20459.242;12342.307;60.3263
NE;NORDESTE;2026-01-30;51691.226;27481.62;53.165
N;NORTE;2026-01-30;15302.396;8986.863;58.7285
SE;SUDESTE;2026-01-30;204615.328;96118.057;46.975
S;SUL;2026-01-30;20459.242;12144.592;59.3599
NE;NORDESTE;2026-01-31;51691.226;27662.456;53.5148
N;NORTE;2026-01-31;15302.396;8975.818;58.6563
SE;SUDESTE;2026-01-31;204615.328;96938.464;47.376
S;SUL;2026-01-31;20459.242;12026.929;58.7848
NE;NORDESTE;2026-02-01;51691.226;27902.734;53.9796
N;NORTE;2026-02-01;15302.396;8958.314;58.5419
SE;SUDESTE;2026-02-01;204615.328;97931.476;47.8613
S;SUL;2026-02-01;20459.242;11953.7;58.4269
NE;NORDESTE;2026-02-02;51691.226;28147.196;54.4526
N;NORTE;2026-02-02;15302.396;8933.101;58.3771
SE;SUDESTE;2026-02-02;204615.328;98664.208;48.2194
S;SUL;2026-02-02;20459.242;11765.528;57.5072
NE;NORDESTE;2026-02-03;51691.226;28372.559;54.8885
N;NORTE;2026-02-03;15302.396;8893.062;58.1155
SE;SUDESTE;2026-02-03;204615.328;99362.556;48.5607
S;SUL;2026-02-03;20459.242;11554.054;56.4735
NE;NORDESTE;2026-02-04;51691.226;28617.892;55.3632
N;NORTE;2026-02-04;15302.396;8863.432;57.9219
SE;SUDESTE;2026-02-04;204615.328;100218.977;48.9792
S;SUL;2026-02-04;20459.242;11348.428;55.4685
NE;NORDESTE;2026-02-05;51691.226;28887.822;55.8853
N;NORTE;2026-02-05;15302.396;8828.985;57.6967
SE;SUDESTE;2026-02-05;204615.328;100966.675;49.3446
S;SUL;2026-02-05;20459.242;11100.367;54.256
NE;NORDESTE;2026-02-06;51691.226;29140.857;56.3749
N;NORTE;2026-02-06;15302.396;8824.578;57.6679
SE;SUDESTE;2026-02-06;204615.328;101727.995;49.7167
S;SUL;2026-02-06;20459.242;10893.973;53.2472
NE;NORDESTE;2026-02-07;51691.226;29418.139;56.9113
N;NORTE;2026-02-07;15302.396;8874.867;57.9966
SE;SUDESTE;2026-02-07;204615.328;102708.035;50.1957
S;SUL;2026-02-07;20459.242;10720.535;52.3995
NE;NORDESTE;2026-02-08;51691.226;29851.762;57.7502
N;NORTE;2026-02-08;15302.396;8906.069;58.2005
SE;SUDESTE;2026-02-08;204615.328;103867.009;50.7621
S;SUL;2026-02-08;20459.242;10593.01;51.7762
NE;NORDESTE;2026-02-09;51691.226;30190.114;58.4047
N;NORTE;2026-02-09;15302.396;8931.345;58.3657
SE;SUDESTE;2026-02-09;204615.328;104983.802;51.3079
S;SUL;2026-02-09;20459.242;10397.007;50.8181
