carga,instante
44075.47,2026-02-10T00:00:00-03:00
44055.6,2026-02-10T00:01:00-03:00
44014.3945,2026-02-10T00:02:00-03:00
44024.89,2026-02-10T00:03:00-03:00
44002.6563,2026-02-10T00:04:00-03:00
44012.543,2026-02-10T00:05:00-03:00
43970.5352,2026-02-10T00:06:00-03:00
43885.7773,2026-02-10T00:07:00-03:00
43842.7539,2026-02-10T00:08:00-03:00
43890.68,2026-02-10T00:09:00-03:00
43767.1172,2026-02-10T00:10:00-03:00
43708.6367,2026-02-10T00:11:00-03:00
43698.6953,2026-02-10T00:12:00-03:00
43659.07,2026-02-10T00:13:00-03:00
43566.05,2026-02-10T00:14:00-03:00
43477.4375,2026-02-10T00:15:00-03:00
43366.5039,2026-02-10T00:16:00-03:00
43322.75,2026-02-10T00:17:00-03:00
43219.2734,2026-02-10T00:18:00-03:00
43178.52,2026-02-10T00:19:00-03:00
43161.4961,2026-02-10T00:20:00-03:00
43093.13,2026-02-10T00:21:00-03:00
43013.18,2026-02-10T00:22:00-03:00
42963.332,2026-02-10T00:23:00-03:00
42977.8555,2026-02-10T00:24:00-03:00
43001.5664,2026-02-10T00:25:00-03:00
42957.06,2026-02-10T00:26:00-03:00
42972.52,2026-02-10T00:27:00-03:00
42842.7266,2026-02-10T00:28:00-03:00
42760.94,2026-02-10T00:29:00-03:00
42665.78,2026-02-10T00:30:00-03:00
42626.8867,2026-02-10T00:31:00-03:00
42552.18,2026-02-10T00:32:00-03:00
42432.36,2026-02-10T00:33:00-03:00
42460.4141,2026-02-10T00:34:00-03:00
42443.2,2026-02-10T00:35:00-03:00
42266.23,2026-02-10T00:36:00-03:00
42268.9258,2026-02-10T00:37:00-03:00
42340.1563,2026-02-10T00:38:00-03:00
42323.875,2026-02-10T00:39:00-03:00
42359.3633,2026-02-10T00:40:00-03:00
42261.6172,2026-02-10T00:41:00-03:00
42142.4141,2026-02-10T00:42:00-03:00
42155.76,2026-02-10T00:43:00-03:00
42159.6523,2026-02-10T00:44:00-03:00
42066.53,2026-02-10T00:45:00-03:00
42081.8047,2026-02-10T00:46:00-03:00
41954.16,2026-02-10T00:47:00-03:00
41888.92,2026-02-10T00:48:00-03:00
41934.6367,2026-02-10T00:49:00-03:00
41779.375,2026-02-10T00:50:00-03:00
41782.69,2026-02-10T00:51:00-03:00
41838.9961,2026-02-10T00:52:00-03:00
41779.2227,2026-02-10T00:53:00-03:00
41735.4023,2026-02-10T00:54:00-03:00
41678.9531,2026-02-10T00:55:00-03:00
41610.17,2026-02-10T00:56:00-03:00
41596.6,2026-02-10T00:57:00-03:00
41573.0078,2026-02-10T00:58:00-03:00
41578.07,2026-02-10T00:59:00-03:00
41651.5742,2026-02-10T01:00:00-03:00
41660.73,2026-02-10T01:01:00-03:00
41543.0547,2026-02-10T01:02:00-03:00
41522.8945,2026-02-10T01:03:00-03:00
41460.2969,2026-02-10T01:04:00-03:00
41492.1758,2026-02-10T01:05:00-03:00
41340.99,2026-02-10T01:06:00-03:00
41330.2773,2026-02-10T01:07:00-03:00
41373.6,2026-02-10T01:08:00-03:00
41383.2969,2026-02-10T01:09:00-03:00
41306.13,2026-02-10T01:10:00-03:00
41241.85,2026-02-10T01:11:00-03:00
41198.8125,2026-02-10T01:12:00-03:00
41108.5078,2026-02-10T01:13:00-03:00
41183.8477,2026-02-10T01:14:00-03:00
41094.66,2026-02-10T01:15:00-03:00
41061.2852,2026-02-10T01:16:00-03:00
41052.5859,2026-02-10T01:17:00-03:00
40989.4453,2026-02-10T01:18:00-03:00
40941.09,2026-02-10T01:19:00-03:00
40927.4922,2026-02-10T01:20:00-03:00
40880.62,2026-02-10T01:21:00-03:00
40884.4922,2026-02-10T01:22:00-03:00
40854.0977,2026-02-10T01:23:00-03:00
40835.7461,2026-02-10T01:24:00-03:00
40904.19,2026-02-10T01:25:00-03:00
40900.0234,2026-02-10T01:26:00-03:00
40949.6875,2026-02-10T01:27:00-03:00
40958.58,2026-02-10T01:28:00-03:00
40780.4531,2026-02-10T01:29:00-03:00
40824.9,2026-02-10T01:30:00-03:00
40791.4375,2026-02-10T01:31:00-03:00
40763.9141,2026-02-10T01:32:00-03:00
40772.582,2026-02-10T01:33:00-03:00
40752.6758,2026-02-10T01:34:00-03:00
40751.6875,2026-02-10T01:35:00-03:00
40702.3438,2026-02-10T01:36:00-03:00
40674.9023,2026-02-10T01:37:00-03:00
40676.87,2026-02-10T01:38:00-03:00
40623.1367,2026-02-10T01:39:00-03:00
40543.3828,2026-02-10T01:40:00-03:00
40497.5039,2026-02-10T01:41:00-03:00
40467.1445,2026-02-10T01:42:00-03:00
40509.3359,2026-02-10T01:43:00-03:00
40470.6953,2026-02-10T01:44:00-03:00
40466.43,2026-02-10T01:45:00-03:00
40467.2734,2026-02-10T01:46:00-03:00
40394.44,2026-02-10T01:47:00-03:00
40376.8867,2026-02-10T01:48:00-03:00
40294.96,2026-02-10T01:49:00-03:00
40278.3633,2026-02-10T01:50:00-03:00
40278.0859,2026-02-10T01:51:00-03:00
40308.72,2026-02-10T01:52:00-03:00
40336.07,2026-02-10T01:53:00-03:00
40320.207,2026-02-10T01:54:00-03:00
40306.93,2026-02-10T01:55:00-03:00
40247.9766,2026-02-10T01:56:00-03:00
40315.47,2026-02-10T01:57:00-03:00
40288.87,2026-02-10T01:58:00-03:00
40235.0664,2026-02-10T01:59:00-03:00
40161.8242,2026-02-10T02:00:00-03:00
40040.6563,2026-02-10T02:01:00-03:00
40056.28,2026-02-10T02:02:00-03:00
40029.125,2026-02-10T02:03:00-03:00
40010.07,2026-02-10T02:04:00-03:00
39950.7266,2026-02-10T02:05:00-03:00
39968.4922,2026-02-10T02:06:00-03:00
40007.8672,2026-02-10T02:07:00-03:00
39988.4531,2026-02-10T02:08:00-03:00
39951.99,2026-02-10T02:09:00-03:00
39970.2539,2026-02-10T02:10:00-03:00
39829.27,2026-02-10T02:11:00-03:00
39821.36,2026-02-10T02:12:00-03:00
39942.1641,2026-02-10T02:13:00-03:00
39862.9258,2026-02-10T02:14:00-03:00
39816.7578,2026-02-10T02:15:00-03:00
39832.2227,2026-02-10T02:16:00-03:00
39816.06,2026-02-10T02:17:00-03:00
39756.14,2026-02-10T02:18:00-03:00
39761.2461,2026-02-10T02:19:00-03:00
39728.4727,2026-02-10T02:20:00-03:00
39716.8672,2026-02-10T02:21:00-03:00
39745.23,2026-02-10T02:22:00-03:00
39679.8242,2026-02-10T02:23:00-03:00
39687.29,2026-02-10T02:24:00-03:00
39615.5547,2026-02-10T02:25:00-03:00
39662.4766,2026-02-10T02:26:00-03:00
39646.5742,2026-02-10T02:27:00-03:00
39640.375,2026-02-10T02:28:00-03:00
39643.36,2026-02-10T02:29:00-03:00
39553.58,2026-02-10T02:30:00-03:00
39610.55,2026-02-10T02:31:00-03:00
39545.76,2026-02-10T02:32:00-03:00
39561.7031,2026-02-10T02:33:00-03:00
39585.2578,2026-02-10T02:34:00-03:00
39600.7656,2026-02-10T02:35:00-03:00
39579.25,2026-02-10T02:36:00-03:00
39502.85,2026-02-10T02:37:00-03:00
39442.13,2026-02-10T02:38:00-03:00
39457.57,2026-02-10T02:39:00-03:00
39362.9336,2026-02-10T02:40:00-03:00
39313.2266,2026-02-10T02:41:00-03:00
39365.293,2026-02-10T02:42:00-03:00
39395.2578,2026-02-10T02:43:00-03:00
39379.97,2026-02-10T02:44:00-03:00
39392.3,2026-02-10T02:45:00-03:00
39359.2656,2026-02-10T02:46:00-03:00
39357.03,2026-02-10T02:47:00-03:00
39367.4,2026-02-10T02:48:00-03:00
39323.0469,2026-02-10T02:49:00-03:00
39320.8125,2026-02-10T02:50:00-03:00
39296.5,2026-02-10T02:51:00-03:00
39288.9531,2026-02-10T02:52:00-03:00
39269.0547,2026-02-10T02:53:00-03:00
39252.6641,2026-02-10T02:54:00-03:00
39249.33,2026-02-10T02:55:00-03:00
39282.45,2026-02-10T02:56:00-03:00
39288.48,2026-02-10T02:57:00-03:00
39221.543,2026-02-10T02:58:00-03:00
39117.0664,2026-02-10T02:59:00-03:00
38973.47,2026-02-10T03:00:00-03:00
38950.21,2026-02-10T03:01:00-03:00
38851.77,2026-02-10T03:02:00-03:00
38758.5,2026-02-10T03:03:00-03:00
38796.3242,2026-02-10T03:04:00-03:00
38844.42,2026-02-10T03:05:00-03:00
38980.5938,2026-02-10T03:06:00-03:00
38970.96,2026-02-10T03:07:00-03:00
38922.13,2026-02-10T03:08:00-03:00
38982.0859,2026-02-10T03:09:00-03:00
39004.5156,2026-02-10T03:10:00-03:00
38986.46,2026-02-10T03:11:00-03:00
38939.83,2026-02-10T03:12:00-03:00
38934.6367,2026-02-10T03:13:00-03:00
38923.77,2026-02-10T03:14:00-03:00
38980.207,2026-02-10T03:15:00-03:00
38924.73,2026-02-10T03:16:00-03:00
38917.23,2026-02-10T03:17:00-03:00
38948.8633,2026-02-10T03:18:00-03:00
38946.01,2026-02-10T03:19:00-03:00
38924.8672,2026-02-10T03:20:00-03:00
38925.1758,2026-02-10T03:21:00-03:00
39000.54,2026-02-10T03:22:00-03:00
39085.35,2026-02-10T03:23:00-03:00
39091.84,2026-02-10T03:24:00-03:00
39082.2344,2026-02-10T03:25:00-03:00
39097.66,2026-02-10T03:26:00-03:00
39080.4375,2026-02-10T03:27:00-03:00
39019.1172,2026-02-10T03:28:00-03:00
39011.69,2026-02-10T03:29:00-03:00
38920.6445,2026-02-10T03:30:00-03:00
38915.87,2026-02-10T03:31:00-03:00
38981.7734,2026-02-10T03:32:00-03:00
39006.8867,2026-02-10T03:33:00-03:00
39043.5273,2026-02-10T03:34:00-03:00
39080.4727,2026-02-10T03:35:00-03:00
39047.53,2026-02-10T03:36:00-03:00
38977.5664,2026-02-10T03:37:00-03:00
39027.4063,2026-02-10T03:38:00-03:00
39048.0742,2026-02-10T03:39:00-03:00
39072.2461,2026-02-10T03:40:00-03:00
39036.1836,2026-02-10T03:41:00-03:00
39070.9,2026-02-10T03:42:00-03:00
39073.9258,2026-02-10T03:43:00-03:00
39012.32,2026-02-10T03:44:00-03:00
38913.78,2026-02-10T03:45:00-03:00
38928.5859,2026-02-10T03:46:00-03:00
38902.2227,2026-02-10T03:47:00-03:00
38860.7422,2026-02-10T03:48:00-03:00
38814.4766,2026-02-10T03:49:00-03:00
38841.8359,2026-02-10T03:50:00-03:00
38770.89,2026-02-10T03:51:00-03:00
38807.0547,2026-02-10T03:52:00-03:00
38769.6,2026-02-10T03:53:00-03:00
38725.9,2026-02-10T03:54:00-03:00
38768.85,2026-02-10T03:55:00-03:00
38804.6836,2026-02-10T03:56:00-03:00
38831.86,2026-02-10T03:57:00-03:00
38845.9453,2026-02-10T03:58:00-03:00
38874.78,2026-02-10T03:59:00-03:00
38909.0664,2026-02-10T04:00:00-03:00
38971.49,2026-02-10T04:01:00-03:00
39008.4141,2026-02-10T04:02:00-03:00
39083.7578,2026-02-10T04:03:00-03:00
39128.01,2026-02-10T04:04:00-03:00
39152.95,2026-02-10T04:05:00-03:00
39179.7344,2026-02-10T04:06:00-03:00
39119.3242,2026-02-10T04:07:00-03:00
39147.24,2026-02-10T04:08:00-03:00
39069.793,2026-02-10T04:09:00-03:00
39178.875,2026-02-10T04:10:00-03:00
39216.6,2026-02-10T04:11:00-03:00
39165.8047,2026-02-10T04:12:00-03:00
39161.5,2026-02-10T04:13:00-03:00
39195.56,2026-02-10T04:14:00-03:00
39242.6836,2026-02-10T04:15:00-03:00
39283.69,2026-02-10T04:16:00-03:00
39262.875,2026-02-10T04:17:00-03:00
39259.7734,2026-02-10T04:18:00-03:00
39292.9961,2026-02-10T04:19:00-03:00
39306.5234,2026-02-10T04:20:00-03:00
39273.63,2026-02-10T04:21:00-03:00
39255.0039,2026-02-10T04:22:00-03:00
39140.3438,2026-02-10T04:23:00-03:00
39173.18,2026-02-10T04:24:00-03:00
39084.84,2026-02-10T04:25:00-03:00
39065.0273,2026-02-10T04:26:00-03:00
39117.707,2026-02-10T04:27:00-03:00
39185.32,2026-02-10T04:28:00-03:00
39178.28,2026-02-10T04:29:00-03:00
39203.5469,2026-02-10T04:30:00-03:00
39251.1367,2026-02-10T04:31:00-03:00
39281.3867,2026-02-10T04:32:00-03:00
39309.2461,2026-02-10T04:33:00-03:00
39356.2461,2026-02-10T04:34:00-03:00
39412.3945,2026-02-10T04:35:00-03:00
39408.5156,2026-02-10T04:36:00-03:00
39447.3945,2026-02-10T04:37:00-03:00
39478.61,2026-02-10T04:38:00-03:00
39537.97,2026-02-10T04:39:00-03:00
39462.9141,2026-02-10T04:40:00-03:00
39417.3477,2026-02-10T04:41:00-03:00
39421.543,2026-02-10T04:42:00-03:00
39437.1875,2026-02-10T04:43:00-03:00
39366.68,2026-02-10T04:44:00-03:00
39416.58,2026-02-10T04:45:00-03:00
39367.6758,2026-02-10T04:46:00-03:00
39355.4023,2026-02-10T04:47:00-03:00
39438.64,2026-02-10T04:48:00-03:00
39473.0234,2026-02-10T04:49:00-03:00
39459.2656,2026-02-10T04:50:00-03:00
39468.78,2026-02-10T04:51:00-03:00
39472.11,2026-02-10T04:52:00-03:00
39521.52,2026-02-10T04:53:00-03:00
39559.17,2026-02-10T04:54:00-03:00
39624.62,2026-02-10T04:55:00-03:00
39609.9531,2026-02-10T04:56:00-03:00
39618.2344,2026-02-10T04:57:00-03:00
39655.77,2026-02-10T04:58:00-03:00
39652.1,2026-02-10T04:59:00-03:00
39754.0469,2026-02-10T05:00:00-03:00
39765.67,2026-02-10T05:01:00-03:00
39761.6172,2026-02-10T05:02:00-03:00
39827.85,2026-02-10T05:03:00-03:00
39976.3945,2026-02-10T05:04:00-03:00
40090.46,2026-02-10T05:05:00-03:00
40167.6133,2026-02-10T05:06:00-03:00
40301.5664,2026-02-10T05:07:00-03:00
40264.7266,2026-02-10T05:08:00-03:00
40375.6758,2026-02-10T05:09:00-03:00
40493.63,2026-02-10T05:10:00-03:00
40580.7852,2026-02-10T05:11:00-03:00
40651.0664,2026-02-10T05:12:00-03:00
40604.3438,2026-02-10T05:13:00-03:00
40629.8828,2026-02-10T05:14:00-03:00
40636.9258,2026-02-10T05:15:00-03:00
40715.0234,2026-02-10T05:16:00-03:00
40762.72,2026-02-10T05:17:00-03:00
40852.293,2026-02-10T05:18:00-03:00
40851.17,2026-02-10T05:19:00-03:00
40884.0977,2026-02-10T05:20:00-03:00
40987.7734,2026-02-10T05:21:00-03:00
41014.9648,2026-02-10T05:22:00-03:00
41047.21,2026-02-10T05:23:00-03:00
41126.37,2026-02-10T05:24:00-03:00
41167.28,2026-02-10T05:25:00-03:00
41255.05,2026-02-10T05:26:00-03:00
41366.6836,2026-02-10T05:27:00-03:00
41369.0742,2026-02-10T05:28:00-03:00
41280.9336,2026-02-10T05:29:00-03:00
41360.28,2026-02-10T05:30:00-03:00
41355.0977,2026-02-10T05:31:00-03:00
41476.8164,2026-02-10T05:32:00-03:00
41528.5039,2026-02-10T05:33:00-03:00
41596.2266,2026-02-10T05:34:00-03:00
41707.6055,2026-02-10T05:35:00-03:00
41749.7734,2026-02-10T05:36:00-03:00
41769.6,2026-02-10T05:37:00-03:00
41835.7656,2026-02-10T05:38:00-03:00
41945.4766,2026-02-10T05:39:00-03:00
41966.875,2026-02-10T05:40:00-03:00
42024.4,2026-02-10T05:41:00-03:00
42125.2969,2026-02-10T05:42:00-03:00
42108.3867,2026-02-10T05:43:00-03:00
42141.16,2026-02-10T05:44:00-03:00
42210.0742,2026-02-10T05:45:00-03:00
42206.4453,2026-02-10T05:46:00-03:00
42252.42,2026-02-10T05:47:00-03:00
42214.7422,2026-02-10T05:48:00-03:00
42168.1367,2026-02-10T05:49:00-03:00
42201.2422,2026-02-10T05:50:00-03:00
42242.68,2026-02-10T05:51:00-03:00
42327.82,2026-02-10T05:52:00-03:00
42344.8867,2026-02-10T05:53:00-03:00
42312.1133,2026-02-10T05:54:00-03:00
42338.7422,2026-02-10T05:55:00-03:00
42236.17,2026-02-10T05:56:00-03:00
42248.7578,2026-02-10T05:57:00-03:00
42247.5625,2026-02-10T05:58:00-03:00
42160.2969,2026-02-10T05:59:00-03:00
42197.32,2026-02-10T06:00:00-03:00
42315.12,2026-02-10T06:01:00-03:00
42442.0938,2026-02-10T06:02:00-03:00
42582.6172,2026-02-10T06:03:00-03:00
42741.3125,2026-02-10T06:04:00-03:00
42917.2266,2026-02-10T06:05:00-03:00
43122.3,2026-02-10T06:06:00-03:00
43270.5352,2026-02-10T06:07:00-03:00
43437.5234,2026-02-10T06:08:00-03:00
43559.3047,2026-02-10T06:09:00-03:00
43560.57,2026-02-10T06:10:00-03:00
43601.7344,2026-02-10T06:11:00-03:00
43585.43,2026-02-10T06:12:00-03:00
43605.2422,2026-02-10T06:13:00-03:00
43575.84,2026-02-10T06:14:00-03:00
43487.71,2026-02-10T06:15:00-03:00
43564.8047,2026-02-10T06:16:00-03:00
43564.0156,2026-02-10T06:17:00-03:00
43634.5352,2026-02-10T06:18:00-03:00
43682.5625,2026-02-10T06:19:00-03:00
43731.4,2026-02-10T06:20:00-03:00
43657.32,2026-02-10T06:21:00-03:00
43669.375,2026-02-10T06:22:00-03:00
43643.7344,2026-02-10T06:23:00-03:00
43657.78,2026-02-10T06:24:00-03:00
43623.957,2026-02-10T06:25:00-03:00
43730.72,2026-02-10T06:26:00-03:00
43737.99,2026-02-10T06:27:00-03:00
43741.68,2026-02-10T06:28:00-03:00
43738.9258,2026-02-10T06:29:00-03:00
43725.9766,2026-02-10T06:30:00-03:00
43714.24,2026-02-10T06:31:00-03:00
43621.88,2026-02-10T06:32:00-03:00
43655.35,2026-02-10T06:33:00-03:00
43640.05,2026-02-10T06:34:00-03:00
43592.418,2026-02-10T06:35:00-03:00
43603.1563,2026-02-10T06:36:00-03:00
43594.4766,2026-02-10T06:37:00-03:00
43590.9141,2026-02-10T06:38:00-03:00
43601.14,2026-02-10T06:39:00-03:00
43514.0469,2026-02-10T06:40:00-03:00
43533.9648,2026-02-10T06:41:00-03:00
43548.1445,2026-02-10T06:42:00-03:00
43498.7852,2026-02-10T06:43:00-03:00
43498.0352,2026-02-10T06:44:00-03:00
43360.3867,2026-02-10T06:45:00-03:00
43408.8477,2026-02-10T06:46:00-03:00
43434.9258,2026-02-10T06:47:00-03:00
43485.0469,2026-02-10T06:48:00-03:00
43520.24,2026-02-10T06:49:00-03:00
43519.59,2026-02-10T06:50:00-03:00
43554.6953,2026-02-10T06:51:00-03:00
43558.04,2026-02-10T06:52:00-03:00
43586.1445,2026-02-10T06:53:00-03:00
43578.95,2026-02-10T06:54:00-03:00
43522.34,2026-02-10T06:55:00-03:00
43563.88,2026-02-10T06:56:00-03:00
43633.6055,2026-02-10T06:57:00-03:00
43637.84,2026-02-10T06:58:00-03:00
43624.68,2026-02-10T06:59:00-03:00
43701.8047,2026-02-10T07:00:00-03:00
43713.6953,2026-02-10T07:01:00-03:00
43856.3555,2026-02-10T07:02:00-03:00
44039.1758,2026-02-10T07:03:00-03:00
44160.18,2026-02-10T07:04:00-03:00
44346.7344,2026-02-10T07:05:00-03:00
44489.42,2026-02-10T07:06:00-03:00
44548.32,2026-02-10T07:07:00-03:00
44643.41,2026-02-10T07:08:00-03:00
44704.0352,2026-02-10T07:09:00-03:00
44774.0234,2026-02-10T07:10:00-03:00
44842.84,2026-02-10T07:11:00-03:00
44823.8945,2026-02-10T07:12:00-03:00
44883.78,2026-02-10T07:13:00-03:00
44905.88,2026-02-10T07:14:00-03:00
44996.2227,2026-02-10T07:15:00-03:00
45049.53,2026-02-10T07:16:00-03:00
45070.76,2026-02-10T07:17:00-03:00
45166.7656,2026-02-10T07:18:00-03:00
45202.4922,2026-02-10T07:19:00-03:00
45258.793,2026-02-10T07:20:00-03:00
45320.4453,2026-02-10T07:21:00-03:00
45374.8477,2026-02-10T07:22:00-03:00
45393.9453,2026-02-10T07:23:00-03:00
45483.64,2026-02-10T07:24:00-03:00
45544.5547,2026-02-10T07:25:00-03:00
45546.0547,2026-02-10T07:26:00-03:00
45517.61,2026-02-10T07:27:00-03:00
45549.69,2026-02-10T07:28:00-03:00
45601.0547,2026-02-10T07:29:00-03:00
45573.72,2026-02-10T07:30:00-03:00
45598.35,2026-02-10T07:31:00-03:00
45646.84,2026-02-10T07:32:00-03:00
45663.8125,2026-02-10T07:33:00-03:00
45703.4961,2026-02-10T07:34:00-03:00
45758.65,2026-02-10T07:35:00-03:00
45766.1641,2026-02-10T07:36:00-03:00
45850.1133,2026-02-10T07:37:00-03:00
45901.1,2026-02-10T07:38:00-03:00
45888.7539,2026-02-10T07:39:00-03:00
45847.8242,2026-02-10T07:40:00-03:00
45807.11,2026-02-10T07:41:00-03:00
45836.29,2026-02-10T07:42:00-03:00
45839.32,2026-02-10T07:43:00-03:00
45853.9,2026-02-10T07:44:00-03:00
45770.9336,2026-02-10T07:45:00-03:00
45972.9531,2026-02-10T07:46:00-03:00
46032.2578,2026-02-10T07:47:00-03:00
46042.2773,2026-02-10T07:48:00-03:00
46096.59,2026-02-10T07:49:00-03:00
46110.35,2026-02-10T07:50:00-03:00
46091.5469,2026-02-10T07:51:00-03:00
46035.31,2026-02-10T07:52:00-03:00
46037.4961,2026-02-10T07:53:00-03:00
46040.918,2026-02-10T07:54:00-03:00
46108.53,2026-02-10T07:55:00-03:00
46196.3047,2026-02-10T07:56:00-03:00
46184.7422,2026-02-10T07:57:00-03:00
46202.9453,2026-02-10T07:58:00-03:00
46277.0938,2026-02-10T07:59:00-03:00
46224.7969,2026-02-10T08:00:00-03:00
46115.0,2026-02-10T08:01:00-03:00
46175.1875,2026-02-10T08:02:00-03:00
46234.4727,2026-02-10T08:03:00-03:00
46238.1,2026-02-10T08:04:00-03:00
46359.875,2026-02-10T08:05:00-03:00
46477.832,2026-02-10T08:06:00-03:00
46502.0156,2026-02-10T08:07:00-03:00
46506.25,2026-02-10T08:08:00-03:00
46444.5234,2026-02-10T08:09:00-03:00
46415.82,2026-02-10T08:10:00-03:00
46452.46,2026-02-10T08:11:00-03:00
46453.05,2026-02-10T08:12:00-03:00
46429.8,2026-02-10T08:13:00-03:00
46488.93,2026-02-10T08:14:00-03:00
46508.125,2026-02-10T08:15:00-03:00
46523.1172,2026-02-10T08:16:00-03:00
46500.0078,2026-02-10T08:17:00-03:00
46604.1328,2026-02-10T08:18:00-03:00
46559.3,2026-02-10T08:19:00-03:00
46608.5547,2026-02-10T08:20:00-03:00
46702.0938,2026-02-10T08:21:00-03:00
46690.5156,2026-02-10T08:22:00-03:00
46705.1172,2026-02-10T08:23:00-03:00
46703.8047,2026-02-10T08:24:00-03:00
46723.5547,2026-02-10T08:25:00-03:00
46740.4,2026-02-10T08:26:00-03:00
46795.1836,2026-02-10T08:27:00-03:00
46874.5156,2026-02-10T08:28:00-03:00
46879.25,2026-02-10T08:29:00-03:00
46823.8945,2026-02-10T08:30:00-03:00
46891.7656,2026-02-10T08:31:00-03:00
47022.3477,2026-02-10T08:32:00-03:00
47095.45,2026-02-10T08:33:00-03:00
47098.12,2026-02-10T08:34:00-03:00
47118.42,2026-02-10T08:35:00-03:00
47081.34,2026-02-10T08:36:00-03:00
47061.9336,2026-02-10T08:37:00-03:00
47048.88,2026-02-10T08:38:00-03:00
47052.4844,2026-02-10T08:39:00-03:00
47110.23,2026-02-10T08:40:00-03:00
47176.96,2026-02-10T08:41:00-03:00
47178.793,2026-02-10T08:42:00-03:00
47198.8555,2026-02-10T08:43:00-03:00
47177.6445,2026-02-10T08:44:00-03:00
47194.1,2026-02-10T08:45:00-03:00
47130.1445,2026-02-10T08:46:00-03:00
47131.4531,2026-02-10T08:47:00-03:00
47208.1953,2026-02-10T08:48:00-03:00
47232.8359,2026-02-10T08:49:00-03:00
47305.7578,2026-02-10T08:50:00-03:00
47317.8477,2026-02-10T08:51:00-03:00
47364.582,2026-02-10T08:52:00-03:00
47466.97,2026-02-10T08:53:00-03:00
47389.2461,2026-02-10T08:54:00-03:00
47393.5234,2026-02-10T08:55:00-03:00
47432.52,2026-02-10T08:56:00-03:00
47370.73,2026-02-10T08:57:00-03:00
47280.8,2026-02-10T08:58:00-03:00
47346.6445,2026-02-10T08:59:00-03:00
47284.8867,2026-02-10T09:00:00-03:00
47284.29,2026-02-10T09:01:00-03:00
47232.42,2026-02-10T09:02:00-03:00
47251.23,2026-02-10T09:03:00-03:00
47227.6563,2026-02-10T09:04:00-03:00
47333.6,2026-02-10T09:05:00-03:00
47386.0352,2026-02-10T09:06:00-03:00
47368.72,2026-02-10T09:07:00-03:00
47470.39,2026-02-10T09:08:00-03:00
47465.5977,2026-02-10T09:09:00-03:00
47495.3242,2026-02-10T09:10:00-03:00
47458.5273,2026-02-10T09:11:00-03:00
47485.87,2026-02-10T09:12:00-03:00
47556.3945,2026-02-10T09:13:00-03:00
47643.457,2026-02-10T09:14:00-03:00
47645.33,2026-02-10T09:15:00-03:00
47640.61,2026-02-10T09:16:00-03:00
47771.125,2026-02-10T09:17:00-03:00
47724.3242,2026-02-10T09:18:00-03:00
47688.8945,2026-02-10T09:19:00-03:00
47735.92,2026-02-10T09:20:00-03:00
47767.74,2026-02-10T09:21:00-03:00
47821.293,2026-02-10T09:22:00-03:00
47807.9766,2026-02-10T09:23:00-03:00
47775.9648,2026-02-10T09:24:00-03:00
47818.4531,2026-02-10T09:25:00-03:00
47810.39,2026-02-10T09:26:00-03:00
47699.49,2026-02-10T09:27:00-03:00
47710.6133,2026-02-10T09:28:00-03:00
47668.67,2026-02-10T09:29:00-03:00
47681.63,2026-02-10T09:30:00-03:00
47692.66,2026-02-10T09:31:00-03:00
47730.9141,2026-02-10T09:32:00-03:00
47697.5,2026-02-10T09:33:00-03:00
47737.2578,2026-02-10T09:34:00-03:00
47684.4727,2026-02-10T09:35:00-03:00
47534.01,2026-02-10T09:36:00-03:00
47449.8164,2026-02-10T09:37:00-03:00
47547.23,2026-02-10T09:38:00-03:00
47567.5664,2026-02-10T09:39:00-03:00
47578.52,2026-02-10T09:40:00-03:00
47646.7344,2026-02-10T09:41:00-03:00
47614.69,2026-02-10T09:42:00-03:00
47572.2031,2026-02-10T09:43:00-03:00
47603.2344,2026-02-10T09:44:00-03:00
47650.86,2026-02-10T09:45:00-03:00
47742.1836,2026-02-10T09:46:00-03:00
47720.457,2026-02-10T09:47:00-03:00
47754.75,2026-02-10T09:48:00-03:00
47742.9063,2026-02-10T09:49:00-03:00
47686.6563,2026-02-10T09:50:00-03:00
47708.6055,2026-02-10T09:51:00-03:00
47794.332,2026-02-10T09:52:00-03:00
47881.9531,2026-02-10T09:53:00-03:00
47920.4922,2026-02-10T09:54:00-03:00
47813.3242,2026-02-10T09:55:00-03:00
47763.89,2026-02-10T09:56:00-03:00
47714.2031,2026-02-10T09:57:00-03:00
47771.99,2026-02-10T09:58:00-03:00
47798.5234,2026-02-10T09:59:00-03:00
47788.9727,2026-02-10T10:00:00-03:00
47836.2539,2026-02-10T10:01:00-03:00
47876.7539,2026-02-10T10:02:00-03:00
47894.9648,2026-02-10T10:03:00-03:00
47930.1133,2026-02-10T10:04:00-03:00
47927.5273,2026-02-10T10:05:00-03:00
47875.0625,2026-02-10T10:06:00-03:00
47845.2461,2026-02-10T10:07:00-03:00
47918.8633,2026-02-10T10:08:00-03:00
47997.6055,2026-02-10T10:09:00-03:00
47935.23,2026-02-10T10:10:00-03:00
47977.875,2026-02-10T10:11:00-03:00
47992.7148,2026-02-10T10:12:00-03:00
47963.9141,2026-02-10T10:13:00-03:00
48020.75,2026-02-10T10:14:00-03:00
48007.9766,2026-02-10T10:15:00-03:00
48028.64,2026-02-10T10:16:00-03:00
48066.7734,2026-02-10T10:17:00-03:00
48017.6563,2026-02-10T10:18:00-03:00
48034.01,2026-02-10T10:19:00-03:00
48017.8438,2026-02-10T10:20:00-03:00
48119.3828,2026-02-10T10:21:00-03:00
48160.7,2026-02-10T10:22:00-03:00
48184.3164,2026-02-10T10:23:00-03:00
48178.9961,2026-02-10T10:24:00-03:00
48181.63,2026-02-10T10:25:00-03:00
48208.82,2026-02-10T10:26:00-03:00
48207.5039,2026-02-10T10:27:00-03:00
48220.3,2026-02-10T10:28:00-03:00
48230.84,2026-02-10T10:29:00-03:00
48131.4844,2026-02-10T10:30:00-03:00
48127.3867,2026-02-10T10:31:00-03:00
48157.64,2026-02-10T10:32:00-03:00
48189.7656,2026-02-10T10:33:00-03:00
48254.6563,2026-02-10T10:34:00-03:00
48302.6,2026-02-10T10:35:00-03:00
48321.4023,2026-02-10T10:36:00-03:00
48228.2227,2026-02-10T10:37:00-03:00
48218.8438,2026-02-10T10:38:00-03:00
48254.7539,2026-02-10T10:39:00-03:00
48246.082,2026-02-10T10:40:00-03:00
48364.71,2026-02-10T10:41:00-03:00
48402.68,2026-02-10T10:42:00-03:00
48457.2344,2026-02-10T10:43:00-03:00
48465.48,2026-02-10T10:44:00-03:00
48502.61,2026-02-10T10:45:00-03:00
48507.8555,2026-02-10T10:46:00-03:00
48434.92,2026-02-10T10:47:00-03:00
48401.05,2026-02-10T10:48:00-03:00
48519.9727,2026-02-10T10:49:00-03:00
48509.0078,2026-02-10T10:50:00-03:00
48516.0547,2026-02-10T10:51:00-03:00
48503.61,2026-02-10T10:52:00-03:00
48551.0234,2026-02-10T10:53:00-03:00
48456.3633,2026-02-10T10:54:00-03:00
48488.8047,2026-02-10T10:55:00-03:00
48431.46,2026-02-10T10:56:00-03:00
48293.35,2026-02-10T10:57:00-03:00
48231.125,2026-02-10T10:58:00-03:00
48257.6367,2026-02-10T10:59:00-03:00
48194.35,2026-02-10T11:00:00-03:00
48202.1875,2026-02-10T11:01:00-03:00
48239.957,2026-02-10T11:02:00-03:00
48385.8359,2026-02-10T11:03:00-03:00
48447.48,2026-02-10T11:04:00-03:00
48493.2148,2026-02-10T11:05:00-03:00
48492.1,2026-02-10T11:06:00-03:00
48548.9531,2026-02-10T11:07:00-03:00
48620.87,2026-02-10T11:08:00-03:00
48591.85,2026-02-10T11:09:00-03:00
48614.7,2026-02-10T11:10:00-03:00
48569.29,2026-02-10T11:11:00-03:00
48678.3242,2026-02-10T11:12:00-03:00
48685.125,2026-02-10T11:13:00-03:00
48736.05,2026-02-10T11:14:00-03:00
48773.9336,2026-02-10T11:15:00-03:00
48805.2852,2026-02-10T11:16:00-03:00
48857.28,2026-02-10T11:17:00-03:00
48807.8438,2026-02-10T11:18:00-03:00
48713.9258,2026-02-10T11:19:00-03:00
48668.22,2026-02-10T11:20:00-03:00
48590.99,2026-02-10T11:21:00-03:00
48568.83,2026-02-10T11:22:00-03:00
48586.625,2026-02-10T11:23:00-03:00
48627.5625,2026-02-10T11:24:00-03:00
48671.86,2026-02-10T11:25:00-03:00
48648.1055,2026-02-10T11:26:00-03:00
48629.06,2026-02-10T11:27:00-03:00
48637.6055,2026-02-10T11:28:00-03:00
48634.26,2026-02-10T11:29:00-03:00
48546.2578,2026-02-10T11:30:00-03:00
48513.0273,2026-02-10T11:31:00-03:00
48490.0859,2026-02-10T11:32:00-03:00
48507.1641,2026-02-10T11:33:00-03:00
48461.5547,2026-02-10T11:34:00-03:00
48371.72,2026-02-10T11:35:00-03:00
48506.56,2026-02-10T11:36:00-03:00
48487.75,2026-02-10T11:37:00-03:00
48526.68,2026-02-10T11:38:00-03:00
48516.3477,2026-02-10T11:39:00-03:00
48425.2969,2026-02-10T11:40:00-03:00
48425.82,2026-02-10T11:41:00-03:00
48508.49,2026-02-10T11:42:00-03:00
48494.03,2026-02-10T11:43:00-03:00
48364.56,2026-02-10T11:44:00-03:00
48310.5,2026-02-10T11:45:00-03:00
48257.25,2026-02-10T11:46:00-03:00
48233.81,2026-02-10T11:47:00-03:00
48197.5273,2026-02-10T11:48:00-03:00
48172.8242,2026-02-10T11:49:00-03:00
48059.9336,2026-02-10T11:50:00-03:00
48046.9844,2026-02-10T11:51:00-03:00
48065.34,2026-02-10T11:52:00-03:00
48039.0859,2026-02-10T11:53:00-03:00
48033.96,2026-02-10T11:54:00-03:00
47963.11,2026-02-10T11:55:00-03:00
47953.41,2026-02-10T11:56:00-03:00
47931.8359,2026-02-10T11:57:00-03:00
47758.44,2026-02-10T11:58:00-03:00
47692.8633,2026-02-10T11:59:00-03:00
47596.4844,2026-02-10T12:00:00-03:00
47551.92,2026-02-10T12:01:00-03:00
47520.78,2026-02-10T12:02:00-03:00
47437.29,2026-02-10T12:03:00-03:00
47475.5625,2026-02-10T12:04:00-03:00
47444.5156,2026-02-10T12:05:00-03:00
47433.6172,2026-02-10T12:06:00-03:00
47475.94,2026-02-10T12:07:00-03:00
47524.39,2026-02-10T12:08:00-03:00
47588.03,2026-02-10T12:09:00-03:00
47531.4258,2026-02-10T12:10:00-03:00
47536.54,2026-02-10T12:11:00-03:00
47615.082,2026-02-10T12:12:00-03:00
47595.918,2026-02-10T12:13:00-03:00
47572.3164,2026-02-10T12:14:00-03:00
47528.043,2026-02-10T12:15:00-03:00
47570.2031,2026-02-10T12:16:00-03:00
47606.2852,2026-02-10T12:17:00-03:00
47616.82,2026-02-10T12:18:00-03:00
47624.207,2026-02-10T12:19:00-03:00
47610.09,2026-02-10T12:20:00-03:00
47594.28,2026-02-10T12:21:00-03:00
47647.4375,2026-02-10T12:22:00-03:00
47617.2422,2026-02-10T12:23:00-03:00
47585.2266,2026-02-10T12:24:00-03:00
47601.73,2026-02-10T12:25:00-03:00
47481.88,2026-02-10T12:26:00-03:00
47408.1836,2026-02-10T12:27:00-03:00
47356.4531,2026-02-10T12:28:00-03:00
47319.875,2026-02-10T12:29:00-03:00
47217.3867,2026-02-10T12:30:00-03:00
47176.8125,2026-02-10T12:31:00-03:00
47206.58,2026-02-10T12:32:00-03:00
47153.6523,2026-02-10T12:33:00-03:00
47124.418,2026-02-10T12:34:00-03:00
47203.79,2026-02-10T12:35:00-03:00
47235.26,2026-02-10T12:36:00-03:00
47277.0352,2026-02-10T12:37:00-03:00
47266.7969,2026-02-10T12:38:00-03:00
47232.53,2026-02-10T12:39:00-03:00
47199.625,2026-02-10T12:40:00-03:00
47213.7227,2026-02-10T12:41:00-03:00
47230.8,2026-02-10T12:42:00-03:00
47288.0469,2026-02-10T12:43:00-03:00
47376.52,2026-02-10T12:44:00-03:00
47251.1133,2026-02-10T12:45:00-03:00
47117.55,2026-02-10T12:46:00-03:00
47145.03,2026-02-10T12:47:00-03:00
47048.793,2026-02-10T12:48:00-03:00
47064.4375,2026-02-10T12:49:00-03:00
47057.03,2026-02-10T12:50:00-03:00
47117.4453,2026-02-10T12:51:00-03:00
47206.5352,2026-02-10T12:52:00-03:00
47188.6367,2026-02-10T12:53:00-03:00
47087.7,2026-02-10T12:54:00-03:00
47186.0742,2026-02-10T12:55:00-03:00
47191.96,2026-02-10T12:56:00-03:00
47051.97,2026-02-10T12:57:00-03:00
47115.93,2026-02-10T12:58:00-03:00
47268.57,2026-02-10T12:59:00-03:00
47265.7266,2026-02-10T13:00:00-03:00
47328.6758,2026-02-10T13:01:00-03:00
47276.3164,2026-02-10T13:02:00-03:00
47332.17,2026-02-10T13:03:00-03:00
47431.0234,2026-02-10T13:04:00-03:00
47508.88,2026-02-10T13:05:00-03:00
47562.168,2026-02-10T13:06:00-03:00
47636.2539,2026-02-10T13:07:00-03:00
47773.1523,2026-02-10T13:08:00-03:00
47660.1758,2026-02-10T13:09:00-03:00
47681.3164,2026-02-10T13:10:00-03:00
47855.3672,2026-02-10T13:11:00-03:00
47999.73,2026-02-10T13:12:00-03:00
47907.3633,2026-02-10T13:13:00-03:00
48013.49,2026-02-10T13:14:00-03:00
48142.58,2026-02-10T13:15:00-03:00
48222.5664,2026-02-10T13:16:00-03:00
48263.91,2026-02-10T13:17:00-03:00
48350.9961,2026-02-10T13:18:00-03:00
48419.77,2026-02-10T13:19:00-03:00
48494.6758,2026-02-10T13:20:00-03:00
48485.29,2026-02-10T13:21:00-03:00
48553.7344,2026-02-10T13:22:00-03:00
48669.7852,2026-02-10T13:23:00-03:00
48702.67,2026-02-10T13:24:00-03:00
48702.96,2026-02-10T13:25:00-03:00
48648.89,2026-02-10T13:26:00-03:00
48731.62,2026-02-10T13:27:00-03:00
48768.9063,2026-02-10T13:28:00-03:00
48848.1563,2026-02-10T13:29:00-03:00
48940.77,2026-02-10T13:30:00-03:00
48921.2031,2026-02-10T13:31:00-03:00
48885.7656,2026-02-10T13:32:00-03:00
48985.4766,2026-02-10T13:33:00-03:00
48967.35,2026-02-10T13:34:00-03:00
48943.6055,2026-02-10T13:35:00-03:00
48929.957,2026-02-10T13:36:00-03:00
48930.1563,2026-02-10T13:37:00-03:00
49004.293,2026-02-10T13:38:00-03:00
49041.46,2026-02-10T13:39:00-03:00
48913.4453,2026-02-10T13:40:00-03:00
48919.5977,2026-02-10T13:41:00-03:00
48942.3672,2026-02-10T13:42:00-03:00
48919.21,2026-02-10T13:43:00-03:00
48967.66,2026-02-10T13:44:00-03:00
49043.0664,2026-02-10T13:45:00-03:00
49065.38,2026-02-10T13:46:00-03:00
49138.5859,2026-02-10T13:47:00-03:00
49145.4258,2026-02-10T13:48:00-03:00
49231.4023,2026-02-10T13:49:00-03:00
49107.2148,2026-02-10T13:50:00-03:00
49168.5352,2026-02-10T13:51:00-03:00
49227.1758,2026-02-10T13:52:00-03:00
49246.45,2026-02-10T13:53:00-03:00
49310.6055,2026-02-10T13:54:00-03:00
49269.95,2026-02-10T13:55:00-03:00
49274.32,2026-02-10T13:56:00-03:00
49297.1758,2026-02-10T13:57:00-03:00
49325.7031,2026-02-10T13:58:00-03:00
49370.39,2026-02-10T13:59:00-03:00
49246.23,2026-02-10T14:00:00-03:00
49180.2852,2026-02-10T14:01:00-03:00
49211.957,2026-02-10T14:02:00-03:00
49154.44,2026-02-10T14:03:00-03:00
49214.5938,2026-02-10T14:04:00-03:00
49283.0938,2026-02-10T14:05:00-03:00
49221.7031,2026-02-10T14:06:00-03:00
49210.582,2026-02-10T14:07:00-03:00
49267.4844,2026-02-10T14:08:00-03:00
49295.1953,2026-02-10T14:09:00-03:00
49290.3164,2026-02-10T14:10:00-03:00
49303.49,2026-02-10T14:11:00-03:00
49395.4375,2026-02-10T14:12:00-03:00
49424.2852,2026-02-10T14:13:00-03:00
49435.6367,2026-02-10T14:14:00-03:00
49404.89,2026-02-10T14:15:00-03:00
49459.9258,2026-02-10T14:16:00-03:00
49385.0664,2026-02-10T14:17:00-03:00
49387.81,2026-02-10T14:18:00-03:00
49490.1523,2026-02-10T14:19:00-03:00
49488.3164,2026-02-10T14:20:00-03:00
49416.375,2026-02-10T14:21:00-03:00
49506.2773,2026-02-10T14:22:00-03:00
49612.1875,2026-02-10T14:23:00-03:00
49634.3633,2026-02-10T14:24:00-03:00
49785.45,2026-02-10T14:25:00-03:00
49811.86,2026-02-10T14:26:00-03:00
49874.32,2026-02-10T14:27:00-03:00
49858.2969,2026-02-10T14:28:00-03:00
49760.6641,2026-02-10T14:29:00-03:00
49806.6836,2026-02-10T14:30:00-03:00
49850.01,2026-02-10T14:31:00-03:00
49871.6875,2026-02-10T14:32:00-03:00
49719.7227,2026-02-10T14:33:00-03:00
49740.7266,2026-02-10T14:34:00-03:00
49765.9766,2026-02-10T14:35:00-03:00
49872.65,2026-02-10T14:36:00-03:00
50001.2461,2026-02-10T14:37:00-03:00
49994.64,2026-02-10T14:38:00-03:00
50017.2578,2026-02-10T14:39:00-03:00
50034.7969,2026-02-10T14:40:00-03:00
49994.47,2026-02-10T14:41:00-03:00
49993.6641,2026-02-10T14:42:00-03:00
50026.6172,2026-02-10T14:43:00-03:00
50060.68,2026-02-10T14:44:00-03:00
50178.082,2026-02-10T14:45:00-03:00
50285.0352,2026-02-10T14:46:00-03:00
50276.4453,2026-02-10T14:47:00-03:00
50218.707,2026-02-10T14:48:00-03:00
50193.8125,2026-02-10T14:49:00-03:00
50152.94,2026-02-10T14:50:00-03:00
50172.44,2026-02-10T14:51:00-03:00
50161.9727,2026-02-10T14:52:00-03:00
50207.41,2026-02-10T14:53:00-03:00
50273.9023,2026-02-10T14:54:00-03:00
50180.3633,2026-02-10T14:55:00-03:00
50209.1758,2026-02-10T14:56:00-03:00
50072.2266,2026-02-10T14:57:00-03:00
50078.2,2026-02-10T14:58:00-03:00
50027.12,2026-02-10T14:59:00-03:00
49919.9336,2026-02-10T15:00:00-03:00
49985.43,2026-02-10T15:01:00-03:00
49932.4531,2026-02-10T15:02:00-03:00
49866.7031,2026-02-10T15:03:00-03:00
49853.918,2026-02-10T15:04:00-03:00
49904.69,2026-02-10T15:05:00-03:00
50042.5273,2026-02-10T15:06:00-03:00
50022.1836,2026-02-10T15:07:00-03:00
50087.2969,2026-02-10T15:08:00-03:00
50113.86,2026-02-10T15:09:00-03:00
50093.8164,2026-02-10T15:10:00-03:00
50111.8125,2026-02-10T15:11:00-03:00
50102.42,2026-02-10T15:12:00-03:00
50157.45,2026-02-10T15:13:00-03:00
50232.6,2026-02-10T15:14:00-03:00
50254.3555,2026-02-10T15:15:00-03:00
50254.4531,2026-02-10T15:16:00-03:00
50179.0547,2026-02-10T15:17:00-03:00
50186.1172,2026-02-10T15:18:00-03:00
50214.1758,2026-02-10T15:19:00-03:00
50135.1563,2026-02-10T15:20:00-03:00
50136.043,2026-02-10T15:21:00-03:00
50265.5469,2026-02-10T15:22:00-03:00
50404.7539,2026-02-10T15:23:00-03:00
50412.7148,2026-02-10T15:24:00-03:00
50484.7461,2026-02-10T15:25:00-03:00
50613.9063,2026-02-10T15:26:00-03:00
50643.3477,2026-02-10T15:27:00-03:00
50487.14,2026-02-10T15:28:00-03:00
50437.0938,2026-02-10T15:29:00-03:00
50517.37,2026-02-10T15:30:00-03:00
50453.0859,2026-02-10T15:31:00-03:00
50390.4336,2026-02-10T15:32:00-03:00
50346.97,2026-02-10T15:33:00-03:00
50541.05,2026-02-10T15:34:00-03:00
50617.3047,2026-02-10T15:35:00-03:00
50593.07,2026-02-10T15:36:00-03:00
50644.78,2026-02-10T15:37:00-03:00
50668.05,2026-02-10T15:38:00-03:00
50661.79,2026-02-10T15:39:00-03:00
50707.41,2026-02-10T15:40:00-03:00
50814.918,2026-02-10T15:41:00-03:00
50813.6133,2026-02-10T15:42:00-03:00
50930.1055,2026-02-10T15:43:00-03:00
50896.7578,2026-02-10T15:44:00-03:00
50885.7344,2026-02-10T15:45:00-03:00
50890.5156,2026-02-10T15:46:00-03:00
50942.9453,2026-02-10T15:47:00-03:00
50957.8633,2026-02-10T15:48:00-03:00
51106.4648,2026-02-10T15:49:00-03:00
51106.9063,2026-02-10T15:50:00-03:00
51181.03,2026-02-10T15:51:00-03:00
51122.8359,2026-02-10T15:52:00-03:00
51098.52,2026-02-10T15:53:00-03:00
51068.65,2026-02-10T15:54:00-03:00
51015.56,2026-02-10T15:55:00-03:00
51125.7656,2026-02-10T15:56:00-03:00
51178.1367,2026-02-10T15:57:00-03:00
51131.0625,2026-02-10T15:58:00-03:00
51118.14,2026-02-10T15:59:00-03:00
51167.12,2026-02-10T16:00:00-03:00
51168.95,2026-02-10T16:01:00-03:00
51196.81,2026-02-10T16:02:00-03:00
51279.8867,2026-02-10T16:03:00-03:00
51287.957,2026-02-10T16:04:00-03:00
51314.83,2026-02-10T16:05:00-03:00
51338.43,2026-02-10T16:06:00-03:00
51346.6641,2026-02-10T16:07:00-03:00
51401.3,2026-02-10T16:08:00-03:00
51386.53,2026-02-10T16:09:00-03:00
51447.2,2026-02-10T16:10:00-03:00
51439.81,2026-02-10T16:11:00-03:00
51420.5469,2026-02-10T16:12:00-03:00
51346.17,2026-02-10T16:13:00-03:00
51321.5352,2026-02-10T16:14:00-03:00
51345.7422,2026-02-10T16:15:00-03:00
51347.5859,2026-02-10T16:16:00-03:00
51396.94,2026-02-10T16:17:00-03:00
51384.67,2026-02-10T16:18:00-03:00
51459.332,2026-02-10T16:19:00-03:00
51562.65,2026-02-10T16:20:00-03:00
51615.24,2026-02-10T16:21:00-03:00
51625.2969,2026-02-10T16:22:00-03:00
51549.543,2026-02-10T16:23:00-03:00
51634.3125,2026-02-10T16:24:00-03:00
51658.7422,2026-02-10T16:25:00-03:00
51483.3867,2026-02-10T16:26:00-03:00
51540.53,2026-02-10T16:27:00-03:00
51589.17,2026-02-10T16:28:00-03:00
51519.92,2026-02-10T16:29:00-03:00
51662.6875,2026-02-10T16:30:00-03:00
51641.8359,2026-02-10T16:31:00-03:00
51557.65,2026-02-10T16:32:00-03:00
51480.2422,2026-02-10T16:33:00-03:00
51411.7422,2026-02-10T16:34:00-03:00
51381.918,2026-02-10T16:35:00-03:00
51448.0352,2026-02-10T16:36:00-03:00
51421.7969,2026-02-10T16:37:00-03:00
51394.84,2026-02-10T16:38:00-03:00
51271.3,2026-02-10T16:39:00-03:00
51273.832,2026-02-10T16:40:00-03:00
51372.8164,2026-02-10T16:41:00-03:00
51366.58,2026-02-10T16:42:00-03:00
51301.9766,2026-02-10T16:43:00-03:00
51368.22,2026-02-10T16:44:00-03:00
51237.293,2026-02-10T16:45:00-03:00
51160.77,2026-02-10T16:46:00-03:00
51167.1328,2026-02-10T16:47:00-03:00
51113.99,2026-02-10T16:48:00-03:00
51079.7422,2026-02-10T16:49:00-03:00
51039.7461,2026-02-10T16:50:00-03:00
50927.8164,2026-02-10T16:51:00-03:00
50968.66,2026-02-10T16:52:00-03:00
50916.4023,2026-02-10T16:53:00-03:00
50914.1875,2026-02-10T16:54:00-03:00
50740.2422,2026-02-10T16:55:00-03:00
50741.2656,2026-02-10T16:56:00-03:00
50606.99,2026-02-10T16:57:00-03:00
50378.707,2026-02-10T16:58:00-03:00
50222.9336,2026-02-10T16:59:00-03:00
50140.7031,2026-02-10T17:00:00-03:00
50063.06,2026-02-10T17:01:00-03:00
50032.6758,2026-02-10T17:02:00-03:00
50088.1328,2026-02-10T17:03:00-03:00
50055.3359,2026-02-10T17:04:00-03:00
50083.5977,2026-02-10T17:05:00-03:00
50155.7422,2026-02-10T17:06:00-03:00
50117.5547,2026-02-10T17:07:00-03:00
50163.7461,2026-02-10T17:08:00-03:00
50200.625,2026-02-10T17:09:00-03:00
50146.2461,2026-02-10T17:10:00-03:00
50174.45,2026-02-10T17:11:00-03:00
50157.15,2026-02-10T17:12:00-03:00
50039.332,2026-02-10T17:13:00-03:00
50037.7461,2026-02-10T17:14:00-03:00
49999.14,2026-02-10T17:15:00-03:00
50003.27,2026-02-10T17:16:00-03:00
50039.2969,2026-02-10T17:17:00-03:00
50025.9023,2026-02-10T17:18:00-03:00
50044.0469,2026-02-10T17:19:00-03:00
50081.1641,2026-02-10T17:20:00-03:00
50074.7852,2026-02-10T17:21:00-03:00
50123.66,2026-02-10T17:22:00-03:00
50177.28,2026-02-10T17:23:00-03:00
50210.9453,2026-02-10T17:24:00-03:00
50274.457,2026-02-10T17:25:00-03:00
50413.0,2026-02-10T17:26:00-03:00
50343.86,2026-02-10T17:27:00-03:00
50246.44,2026-02-10T17:28:00-03:00
50134.66,2026-02-10T17:29:00-03:00
50078.24,2026-02-10T17:30:00-03:00
50118.7344,2026-02-10T17:31:00-03:00
50222.5352,2026-02-10T17:32:00-03:00
50289.3672,2026-02-10T17:33:00-03:00
50230.457,2026-02-10T17:34:00-03:00
50253.0742,2026-02-10T17:35:00-03:00
50246.707,2026-02-10T17:36:00-03:00
50228.0547,2026-02-10T17:37:00-03:00
50222.6172,2026-02-10T17:38:00-03:00
50281.457,2026-02-10T17:39:00-03:00
50255.9961,2026-02-10T17:40:00-03:00
50208.07,2026-02-10T17:41:00-03:00
50316.4453,2026-02-10T17:42:00-03:00
50245.02,2026-02-10T17:43:00-03:00
50192.5977,2026-02-10T17:44:00-03:00
50195.2773,2026-02-10T17:45:00-03:00
50212.8125,2026-02-10T17:46:00-03:00
50289.9453,2026-02-10T17:47:00-03:00
50217.37,2026-02-10T17:48:00-03:00
50232.7031,2026-02-10T17:49:00-03:00
50229.48,2026-02-10T17:50:00-03:00
50260.2734,2026-02-10T17:51:00-03:00
50315.99,2026-02-10T17:52:00-03:00
50222.53,2026-02-10T17:53:00-03:00
50160.5039,2026-02-10T17:54:00-03:00
50102.8164,2026-02-10T17:55:00-03:00
50057.5273,2026-02-10T17:56:00-03:00
50088.2148,2026-02-10T17:57:00-03:00
50043.8,2026-02-10T17:58:00-03:00
49975.2539,2026-02-10T17:59:00-03:00
50023.0938,2026-02-10T18:00:00-03:00
50062.6133,2026-02-10T18:01:00-03:00
50091.7969,2026-02-10T18:02:00-03:00
50105.7148,2026-02-10T18:03:00-03:00
50201.9844,2026-02-10T18:04:00-03:00
50300.59,2026-02-10T18:05:00-03:00
50358.01,2026-02-10T18:06:00-03:00
50390.9922,2026-02-10T18:07:00-03:00
50365.86,2026-02-10T18:08:00-03:00
50407.0625,2026-02-10T18:09:00-03:00
50478.48,2026-02-10T18:10:00-03:00
50496.7539,2026-02-10T18:11:00-03:00
50506.81,2026-02-10T18:12:00-03:00
50572.5039,2026-02-10T18:13:00-03:00
50554.9336,2026-02-10T18:14:00-03:00
50549.418,2026-02-10T18:15:00-03:00
50586.0273,2026-02-10T18:16:00-03:00
50576.55,2026-02-10T18:17:00-03:00
50667.832,2026-02-10T18:18:00-03:00
50761.0078,2026-02-10T18:19:00-03:00
50815.4961,2026-02-10T18:20:00-03:00
50855.9961,2026-02-10T18:21:00-03:00
50936.16,2026-02-10T18:22:00-03:00
51030.3,2026-02-10T18:23:00-03:00
51146.81,2026-02-10T18:24:00-03:00
51215.957,2026-02-10T18:25:00-03:00
51240.5273,2026-02-10T18:26:00-03:00
51228.91,2026-02-10T18:27:00-03:00
51322.8477,2026-02-10T18:28:00-03:00
51307.69,2026-02-10T18:29:00-03:00
51376.9922,2026-02-10T18:30:00-03:00
51399.67,2026-02-10T18:31:00-03:00
51495.2773,2026-02-10T18:32:00-03:00
51567.5469,2026-02-10T18:33:00-03:00
51582.6523,2026-02-10T18:34:00-03:00
51625.8359,2026-02-10T18:35:00-03:00
51701.625,2026-02-10T18:36:00-03:00
51795.08,2026-02-10T18:37:00-03:00
51779.6172,2026-02-10T18:38:00-03:00
51877.1172,2026-02-10T18:39:00-03:00
51950.4727,2026-02-10T18:40:00-03:00
52034.1953,2026-02-10T18:41:00-03:00
52161.3047,2026-02-10T18:42:00-03:00
52260.5664,2026-02-10T18:43:00-03:00
52287.76,2026-02-10T18:44:00-03:00
52254.5625,2026-02-10T18:45:00-03:00
52295.42,2026-02-10T18:46:00-03:00
52412.1367,2026-02-10T18:47:00-03:00
52472.8164,2026-02-10T18:48:00-03:00
52470.1445,2026-02-10T18:49:00-03:00
52696.0938,2026-02-10T18:50:00-03:00
52798.04,2026-02-10T18:51:00-03:00
52868.5352,2026-02-10T18:52:00-03:00
52952.44,2026-02-10T18:53:00-03:00
53012.207,2026-02-10T18:54:00-03:00
53050.0547,2026-02-10T18:55:00-03:00
53075.9766,2026-02-10T18:56:00-03:00
53040.4141,2026-02-10T18:57:00-03:00
53088.1641,2026-02-10T18:58:00-03:00
53160.78,2026-02-10T18:59:00-03:00
53181.1641,2026-02-10T19:00:00-03:00
53227.5977,2026-02-10T19:01:00-03:00
53309.0039,2026-02-10T19:02:00-03:00
53385.9063,2026-02-10T19:03:00-03:00
53432.9453,2026-02-10T19:04:00-03:00
53465.9023,2026-02-10T19:05:00-03:00
53507.7344,2026-02-10T19:06:00-03:00
53523.8477,2026-02-10T19:07:00-03:00
53548.0156,2026-02-10T19:08:00-03:00
53601.85,2026-02-10T19:09:00-03:00
53639.3,2026-02-10T19:10:00-03:00
53627.49,2026-02-10T19:11:00-03:00
53731.29,2026-02-10T19:12:00-03:00
53816.9023,2026-02-10T19:13:00-03:00
53903.918,2026-02-10T19:14:00-03:00
54021.4063,2026-02-10T19:15:00-03:00
54129.34,2026-02-10T19:16:00-03:00
54155.46,2026-02-10T19:17:00-03:00
54199.97,2026-02-10T19:18:00-03:00
54246.6133,2026-02-10T19:19:00-03:00
54255.7539,2026-02-10T19:20:00-03:00
54303.1445,2026-02-10T19:21:00-03:00
54314.8672,2026-02-10T19:22:00-03:00
54366.0039,2026-02-10T19:23:00-03:00
54421.99,2026-02-10T19:24:00-03:00
54477.7539,2026-02-10T19:25:00-03:00
54438.0078,2026-02-10T19:26:00-03:00
54444.2148,2026-02-10T19:27:00-03:00
54466.1055,2026-02-10T19:28:00-03:00
54494.3359,2026-02-10T19:29:00-03:00
54493.9961,2026-02-10T19:30:00-03:00
54499.6563,2026-02-10T19:31:00-03:00
54534.0352,2026-02-10T19:32:00-03:00
54448.0977,2026-02-10T19:33:00-03:00
54441.51,2026-02-10T19:34:00-03:00
54386.1875,2026-02-10T19:35:00-03:00
54369.4336,2026-02-10T19:36:00-03:00
54410.82,2026-02-10T19:37:00-03:00
54417.5352,2026-02-10T19:38:00-03:00
54409.2227,2026-02-10T19:39:00-03:00
54406.4,2026-02-10T19:40:00-03:00
54454.0469,2026-02-10T19:41:00-03:00
54474.6367,2026-02-10T19:42:00-03:00
54519.6133,2026-02-10T19:43:00-03:00
54517.5625,2026-02-10T19:44:00-03:00
54451.3828,2026-02-10T19:45:00-03:00
54454.34,2026-02-10T19:46:00-03:00
54459.85,2026-02-10T19:47:00-03:00
54481.5234,2026-02-10T19:48:00-03:00
54563.2422,2026-02-10T19:49:00-03:00
54508.13,2026-02-10T19:50:00-03:00
54435.6758,2026-02-10T19:51:00-03:00
54462.5977,2026-02-10T19:52:00-03:00
54446.35,2026-02-10T19:53:00-03:00
54470.68,2026-02-10T19:54:00-03:00
54433.0156,2026-02-10T19:55:00-03:00
54366.4023,2026-02-10T19:56:00-03:00
54383.6328,2026-02-10T19:57:00-03:00
54395.87,2026-02-10T19:58:00-03:00
54397.76,2026-02-10T19:59:00-03:00
54397.9258,2026-02-10T20:00:00-03:00
54352.9,2026-02-10T20:01:00-03:00
54388.6758,2026-02-10T20:02:00-03:00
54406.6523,2026-02-10T20:03:00-03:00
54378.1055,2026-02-10T20:04:00-03:00
54334.6836,2026-02-10T20:05:00-03:00
54383.6523,2026-02-10T20:06:00-03:00
54384.8555,2026-02-10T20:07:00-03:00
54358.3555,2026-02-10T20:08:00-03:00
54320.6758,2026-02-10T20:09:00-03:00
54198.2422,2026-02-10T20:10:00-03:00
54309.2734,2026-02-10T20:11:00-03:00
54372.85,2026-02-10T20:12:00-03:00
54395.2969,2026-02-10T20:13:00-03:00
54394.0234,2026-02-10T20:14:00-03:00
54431.84,2026-02-10T20:15:00-03:00
54435.1055,2026-02-10T20:16:00-03:00
54435.85,2026-02-10T20:17:00-03:00
54402.082,2026-02-10T20:18:00-03:00
54427.86,2026-02-10T20:19:00-03:00
54372.8945,2026-02-10T20:20:00-03:00
54316.21,2026-02-10T20:21:00-03:00
54226.9063,2026-02-10T20:22:00-03:00
54252.5078,2026-02-10T20:23:00-03:00
54216.48,2026-02-10T20:24:00-03:00
54214.68,2026-02-10T20:25:00-03:00
54211.96,2026-02-10T20:26:00-03:00
54204.543,2026-02-10T20:27:00-03:00
